book-title,author,price,old-price,Cover type,availability
Murdle,G. T. Karber,£14.99,no old price,Paperback,In stock online
The Wager,David Grann,  £8.99,£10.99,Paperback,In stock online
Tomorrow… ,Gabrielle Zevin,  £8.49,£9.99,Paperback,In stock online
Politics On the… ,Rory Stewart,  £18.99,£22.00,Hardback,In stock online
The Last Devil… ,Richard Osman,  £11.00,£22.00,Hardback,In stock online
Heartstopper… ,Alice Oseman,  £10.99,£12.99,Paperback,In stock online
Iron Flame,Rebecca Yarros,  £11.00,£22.00,Hardback,In stock online
Impossible… ,Katherine Rundell,£14.99,no old price,Hardback,In stock online
Lessons in… ,Bonnie Garmus,  £7.99,£9.99,Paperback,In stock online
Guinness… ,Guinness World Records Limited,  £16.99,£22.00,Hardback,In stock online
In Too Deep,Lee Child,£22.00,no old price,Hardback,Pre-order
Private Eye… ,Ian Hislop,  £6.49,£12.99,Hardback,In stock online
Diary of a… ,Jeff Kinney,  £7.49,£14.99,Hardback,In stock online
The Woman in… ,Britney Spears,  £12.50,£25.00,Hardback,In stock online
In The Blink… ,Jo Callaghan,  £8.49,£9.99,Paperback,In stock online
Godkiller,Hannah Kaner,  £8.49,£9.99,Paperback,In stock online
The Satsuma… ,Bob Mortimer,  £7.99,£9.99,Paperback,In stock online
Fourth Wing,Rebecca Yarros,£20.00,no old price,Hardback,In stock online
Pinch of Nom… ,Kay Allinson,  £11.00,£22.00,Hardback,In stock online
Friends… ,Matthew Perry,  £20.99,£25.00,Hardback,In stock online
Prophet Song,Paul Lynch,£16.99,no old price,Hardback,In stock online
The Running… ,Robert Galbraith,  £12.50,£25.00,Hardback,In stock online
Unruly,David Mitchell,  £20.99,£25.00,Hardback,In stock online
5 Ingredients… ,Jamie Oliver,  £14.00,£28.00,Hardback,In stock online
Days at the… ,Satoshi Yagisawa,  £9.49,£10.99,Paperback,In stock online
Demon… ,Barbara Kingsolver,  £8.49,£9.99,Paperback,In stock online
Wandering Souls,Cecile Pin,  £8.49,£9.99,Paperback,In stock online
The Blunders,David Walliams,  £7.49,£14.99,Hardback,In stock online
Deluxe… ,Suzanne Collins,£69.99,no old price,Hardback,Pre-order
Babel,R.F. Kuang,  £8.49,£9.99,Paperback,In stock online
Really Good… ,Monica Heisey,  £8.49,£9.99,Paperback,In stock online
Before the… ,Toshikazu Kawaguchi,£9.99,no old price,Paperback,In stock online
Icebreaker,Hannah Grace,  £7.99,£9.99,Paperback,In stock online
Godkiller,Hannah Kaner,£9.99,no old price,Paperback,
The Ballad of… ,Suzanne Collins,  £7.49,£8.99,Paperback,In stock online
The Bullet… ,Richard Osman,  £7.99,£9.99,Paperback,In stock online
A Court of… ,Sarah J. Maas,£8.99,no old price,Paperback,In stock online
Bored of… ,Nathan Anthony,  £10.00,£20.00,Hardback,In stock online
Wrath of the… ,Rick Riordan,£16.99,no old price,Hardback,Pre-order
How They… ,James O'Brien,  £16.99,£20.00,Hardback,In stock online
The Marriage… ,Maggie O'Farrell,  £7.99,£9.99,Paperback,In stock online
Bunny vs… ,Jamie Smart,  £9.99,£12.99,Hardback,In stock online
I Will Find You,Harlan Coben,  £8.49,£9.99,Paperback,In stock online
Spectacular,Stephanie Garber,£16.99,no old price,Hardback,Pre-order
LEGO®… ,LEGO CO LTD         ,£3.75,no old price,Toy,In stock online
Antarctica,Claire Keegan,  £8.49,£9.99,Paperback,In stock online
The Secret,Lee Child,  £11.00,£22.00,Hardback,In stock online
Ruthless Vows,Rebecca Ross,£14.99,no old price,Hardback,In stock online
A Little Life,Hanya Yanagihara,£10.99,no old price,Paperback,In stock online
House of… ,Sarah J. Maas,£22.00,no old price,Hardback,
The Thursday… ,Richard Osman,  £7.99,£9.99,Paperback,In stock online
If He Had… ,Laura Nowlin,  £7.49,£8.99,Paperback,In stock online
Empire of the… ,Jay Kristoff,£22.00,no old price,Hardback,Pre-order
Atomic Habits,James Clear,£17.99,no old price,Paperback,In stock online
Fourth Wing,Rebecca Yarros,£20.00,no old price,Hardback,
Rambling Man,Billy Connolly,  £12.50,£25.00,Hardback,In stock online
Under The… ,Museums And Gallerie,£1.99,no old price,Bookmark,In stock online
A Curse For… ,Stephanie Garber,  £9.49,£18.99,Hardback,In stock online
Small Things… ,Claire Keegan,  £7.49,£8.99,Paperback,In stock online
The Murder… ,Tom Hindle,  £7.99,£9.99,Paperback,In stock online
The Diary of a… ,Steven Bartlett,  £14.99,£20.00,Hardback,In stock online
The Seven… ,Taylor Jenkins Reid,£9.99,no old price,Paperback,In stock online
The Pumpkin… ,Laurie Gilmore,  £8.49,£9.99,Paperback,In stock online
Lessons,Ian McEwan,  £7.99,£9.99,Paperback,In stock online
GHOSTS: The… ,Mat Baynton,  £16.99,£20.00,Hardback,In stock online
The Secret… ,Donna Tartt,£9.99,no old price,Paperback,In stock online
A Good Girl's… ,Holly Jackson,  £6.99,£8.99,Paperback,In stock online
Divine Rivals,Rebecca Ross,  £13.99,£16.99,Hardback,In stock online
The Skeleton… ,Erin Kelly,  £7.99,£9.99,Paperback,In stock online
Shrines of… ,Kate Atkinson,  £8.49,£9.99,Paperback,In stock online
Yellowface,R.F. Kuang,£16.99,no old price,Hardback,In stock online
Murdle: More… ,G. T. Karber,  £12.99,£14.99,Paperback,In stock online
A Stroke of… ,Terry Pratchett,  £15.99,£20.00,Hardback,In stock online
The Future of… ,Tim Marshall,  £8.49,£9.99,Paperback,In stock online
Shakespeare,Judi Dench,  £12.50,£25.00,Hardback,In stock online
Cleopatra and… ,Coco Mellors,  £8.49,£9.99,Paperback,In stock online
It Ends With Us,Colleen Hoover,  £7.99,£9.99,Paperback,In stock online
Wildfire,Hannah Grace,  £8.49,£9.99,Paperback,In stock online
In Memoriam,Alice Winn,  £7.49,£14.99,Hardback,In stock online
The Baddies,Julia Donaldson,  £6.49,£7.99,Paperback,In stock online
The Familiar,Leigh Bardugo,£20.00,no old price,Hardback,Pre-order
Once Upon A… ,Stephanie Garber,£9.99,no old price,Paperback,In stock online
The Virgin… ,Jeffrey Eugenides,  £8.99,£9.99,Paperback,In stock online
Mary Makes it… ,Mary Berry,  £21.99,£28.00,Hardback,In stock online
Abroad in Japan,Chris Broad,£16.99,no old price,Hardback,In stock online
House of… ,Sarah J. Maas,£22.00,no old price,Hardback,
The Last Devil… ,Richard Osman,£22.00,no old price,Hardback,
Diddly Squat:… ,Jeremy Clarkson,  £11.00,£22.00,Hardback,In stock online
Powerless,Lauren Roberts,  £8.49,£9.99,Paperback,In stock online
House of… ,Sarah J. Maas,  £18.99,£22.00,Hardback,Pre-order
The… ,Joanna Quinn,  £8.49,£9.99,Paperback,In stock online
Act of Oblivion,Robert Harris,  £7.99,£9.99,Paperback,In stock online
Be Useful,Arnold Schwarzenegger,  £10.00,£20.00,Hardback,In stock online
My Name is… ,Barbra Streisand,  £17.50,£35.00,Hardback,In stock online
Surrounded by… ,Thomas Erikson,£10.99,no old price,Paperback,In stock online
The Hunger… ,Suzanne Collins,£8.99,no old price,Paperback,In stock online
Wonka,Roald Dahl,£7.99,no old price,Paperback,In stock online
T.V.,Peter Kay,  £12.50,£25.00,Hardback,In stock online
Food for Life,Tim Spector,  £10.99,£12.99,Paperback,In stock online
Normal People,Sally Rooney,  £7.99,£9.99,Paperback,In stock online
The Bee Sting,Paul Murray,£18.99,no old price,Hardback,In stock online
Waddingtons… ,Winning Moves INT,£2.99,no old price,Game,In stock online
It Starts with Us,Colleen Hoover,  £7.99,£9.99,Paperback,In stock online
Interesting… ,Susie Dent,£14.99,no old price,Hardback,In stock online
A Winter Grave,Peter May,  £7.99,£9.99,Paperback,In stock online
Percy Jackson… ,Rick Riordan,  £12.99,£16.99,Hardback,In stock online
The Almanac,Lia Leendertz,£12.99,no old price,Hardback,In stock online
Bored of… ,Nathan Anthony,  £18.99,£20.00,Hardback,In stock online
Keira & Me,Noel Fitzpatrick,  £9.49,£18.99,Hardback,In stock online
A Heart Full… ,Ian Rankin,  £7.99,£9.99,Paperback,In stock online
Poppy Cooks:… ,Poppy O'Toole,£20.00,no old price,Hardback,In stock online
The Drift,C. J. Tudor,  £7.49,£8.99,Paperback,In stock online
Bunny vs… ,Jamie Smart,  £6.49,£12.99,Hardback,In stock online
The Secret,Lee Child,  £11.00,£22.00,Hardback,Click & Collect only
Emperor of… ,Professor Mary Beard,  £15.00,£30.00,Hardback,In stock online
Twisted Love,Ana Huang,£9.99,no old price,Paperback,In stock online
Holly,Stephen King,  £12.50,£25.00,Hardback,In stock online
The Bell Jar,Sylvia Plath,£9.99,no old price,Paperback,In stock online
Match Annual… ,Pan Macmillan,  £2.99,£9.99,Hardback,In stock online
The Man Who… ,Richard Osman,  £7.99,£9.99,Paperback,In stock online
Good Material,Dolly Alderton,  £15.99,£18.99,Hardback,In stock online
Great-Uncle… ,Michael Palin,  £11.00,£22.00,Hardback,In stock online
The Twat Files,Dawn French,  £17.99,£22.00,Hardback,In stock online
Feel Good in 15,Joe Wicks,  £11.00,£22.00,Hardback,In stock online
The Atlas… ,Olivie Blake,  £20.00,£22.00,Hardback,In stock online
The City of… ,Georgia Summers,£20.00,no old price,Hardback,
So Late in the… ,Claire Keegan,£8.99,no old price,Hardback,In stock online
Broadly… ,Stuart Broad,  £18.99,£25.00,Hardback,In stock online
The Year of… ,Terry Hayes,  £18.99,£22.00,Hardback,In stock online
Trust,Dr Hernan Diaz,  £8.49,£9.99,Paperback,In stock online
… ,Chris van Tulleken,  £17.99,£22.00,Hardback,In stock online
All the Light… ,Anthony Doerr,£9.99,no old price,Paperback,In stock online
Damascus… ,David McCloskey,  £8.49,£9.99,Paperback,In stock online
The Song of… ,Madeline Miller,£9.99,no old price,Paperback,In stock online
Agatha Christie,Lucy Worsley,  £8.99,£10.99,Paperback,In stock online
Beano Annual… ,D.C.Thomson & Co Ltd,£11.99,no old price,Hardback,Click & Collect only
Murder Before… ,Reverend Richard Coles,  £7.99,£9.99,Paperback,In stock online
Normal Women,Philippa Gregory,  £12.50,£25.00,Hardback,In stock online
The Beholders,Hester Musson,£16.99,no old price,Hardback,In stock online
The World of… ,Agatha Christie Ltd,£16.99,no old price,Jigsaw,In stock online
Almond… ,Museums And Gallerie,£1.99,no old price,Bookmark,In stock online
A… ,Tom Fletcher,  £7.49,£14.99,Hardback,In stock online
Powerful,Lauren Roberts,£8.99,no old price,Paperback,Pre-order
Dormouse Has… ,Julia Donaldson,£7.99,no old price,Board book,In stock online
Bournville,Jonathan Coe,  £8.49,£9.99,Paperback,In stock online
The… ,S. G. MacLean,£9.99,no old price,Paperback,In stock online
Harry Potter… ,J. K. Rowling,£7.99,no old price,Paperback,In stock online
Cat Kid Comic… ,Dav Pilkey,  £9.99,£12.99,Hardback,In stock online
Stone Blind,Natalie Haynes,  £8.49,£9.99,Paperback,In stock online
The Silent… ,Alex Michaelides,£9.99,no old price,Paperback,In stock online
Monopoly… ,Asmodee UK,£6.99,no old price,Game,In stock online
Killers of the… ,David Grann,  £7.99,£9.99,Paperback,In stock online
Natural Candy… ,The Original Candy C,£1.70,no old price,General merchandise,Click & Collect only
The Romantic,William Boyd,  £7.99,£9.99,Paperback,In stock online
The Rabbit… ,Tess Gunty,  £4.99,£9.99,Paperback,In stock online
I Want to Die… ,Baek Sehee,  £8.49,£9.99,Paperback,In stock online
The Christmas… ,Janice Hallett,  £6.49,£12.99,Hardback,In stock online
Viz Annual… ,Viz Magazine,  £10.99,£13.99,Hardback,In stock online
Sunbringer,Hannah Kaner,£16.99,no old price,Hardback,
Everything I… ,Dolly Alderton,£10.99,no old price,Paperback,In stock online
Agatha… ,Asmodee,£14.99,no old price,Game,In stock online
Before Your… ,Toshikazu Kawaguchi,  £8.49,£9.99,Paperback,In stock online
Legends &… ,Travis Baldree,  £8.49,£9.99,Paperback,In stock online
Landlines,Raynor Winn,  £8.99,£10.99,Paperback,In stock online
The Harry… ,J. K. Rowling,  £23.99,£30.00,Hardback,In stock online
A Court of… ,Sarah J. Maas,£8.99,no old price,Paperback,In stock online
Making It So,Patrick Stewart,  £12.50,£25.00,Hardback,In stock online
The Swifts,Beth Lincoln,  £6.49,£7.99,Paperback,In stock online
With You… ,Rob Burrow,  £5.00,£10.00,Hardback,In stock online
The Dinosaur… ,Tom Fletcher,£7.99,no old price,Paperback,In stock online
Shatter Me,Tahereh Mafi,£16.99,no old price,Hardback,In stock online
Girl in Pieces,Kathleen Glasgow,  £6.99,£8.99,Paperback,In stock online
Just One Thing,Dr Michael Mosley,  £8.49,£9.99,Paperback,In stock online
Lucy by the Sea,Elizabeth Strout,  £8.49,£9.99,Paperback,In stock online
No Plan B,Lee Child,  £7.99,£9.99,Paperback,In stock online
Killing Moon,Jo Nesbo,  £7.99,£9.99,Paperback,In stock online
Faebound,Saara El-Arifi,£16.99,no old price,Hardback,
Lego Marvel… ,LEGO CO LTD         ,£3.75,no old price,Toy,
The Ink Black… ,Robert Galbraith,  £7.99,£9.99,Paperback,In stock online
The World of… ,Agatha Christie Ltd,£16.99,no old price,Game,In stock online
Five Survive,Holly Jackson,  £7.49,£8.99,Paperback,In stock online
Impossible… ,Katherine Rundell,£14.99,no old price,Hardback,
House of… ,Sarah J. Maas,  £8.49,£9.99,Paperback,In stock online
Slow Horses,Mick Herron,£9.99,no old price,Paperback,In stock online
Kluster,Big Potato,£19.99,no old price,Game,
Charles III,Robert Hardman,£22.00,no old price,Hardback,
The Housemaid,Freida McFadden,£9.99,no old price,Paperback,In stock online
Waterstones… ,Wine Box Co Ltd,£5.99,no old price,General merchandise,In stock online
Minecraft… ,Mojang AB,£9.99,no old price,Hardback,In stock online
The House of… ,Jessie Burton,  £8.49,£9.99,Paperback,In stock online
"Red, White &… ",Casey McQuiston,  £7.49,£8.99,Paperback,In stock online
How to Kill… ,Bella Mackie,£9.99,no old price,Paperback,In stock online
Reckless,Lauren Roberts,£9.99,no old price,Paperback,Pre-order
Loosely Based… ,James Blunt,  £17.99,£20.00,Hardback,In stock online
The Complete… ,Sam Milner,  £15.99,£20.00,Hardback,In stock online
The Exchange,John Grisham,  £11.00,£22.00,Hardback,In stock online
The Goodbye… ,Hiro Arikawa,  £8.99,£10.99,Paperback,In stock online
The Ballad of… ,Stephanie Garber,  £8.49,£9.99,Paperback,In stock online
Oh Miriam!,Miriam Margolyes,  £12.50,£25.00,Hardback,In stock online
How to Win… ,Levy Rozman,  £10.00,£20.00,Hardback,In stock online
The… ,Jennifer Lynn Barnes,£8.99,no old price,Paperback,In stock online
Karma,Boy George,  £11.00,£22.00,Hardback,In stock online
The Traitors,Alan Connor,  £10.00,£20.00,Hardback,In stock online
What You Are… ,Michiko Aoyama,£12.99,no old price,Hardback,In stock online
"The Boy, the… ",Charlie Mackesy,  £15.99,£20.00,Hardback,In stock online
The Lost… ,Evie Woods,£8.99,no old price,Paperback,In stock online
The Creative Act,Rick Rubin,  £20.99,£25.00,Hardback,In stock online
Atalanta,Jennifer Saint,  £8.49,£9.99,Paperback,In stock online
Verity,Colleen Hoover,£9.99,no old price,Paperback,In stock online
The Broons… ,D.C.Thomson & Co Ltd,  £2.99,£11.99,Paperback,In stock online
Beaded… ,Peter Pauper Press,£3.99,no old price,Bookmark,In stock online
Trespasses,Louise Kennedy,  £7.49,£8.99,Paperback,In stock online
Meditations,Marcus Aurelius,£8.99,no old price,Paperback,In stock online
If We Were… ,M. L. Rio,  £8.99,£9.99,Paperback,In stock online
Rambling Man,Billy Connolly,  £12.50,£25.00,Hardback,In stock online
Murder in the… ,Cara Hunter,  £7.49,£8.99,Paperback,In stock online
Poor Things,Alasdair Gray,£9.99,no old price,Paperback,In stock online
The Midnight… ,Matt Haig,  £7.99,£9.99,Paperback,In stock online
Percy Jackson… ,Rick Riordan,£8.99,no old price,Paperback,In stock online
Lightlark,Alex Aster,  £7.49,£8.99,Paperback,In stock online
The Body… ,Bessel van der Kolk,£12.99,no old price,Paperback,In stock online
The… ,Katie Kirby,  £7.49,£14.99,Hardback,In stock online
The… ,Morgan Housel,£14.99,no old price,Paperback,In stock online
The Golden… ,Katherine Rundell,  £8.99,£10.99,Paperback,In stock online
Squirrel's… ,Julia Donaldson,£6.99,no old price,Board book,In stock online
The… ,Janice Hallett,  £7.99,£9.99,Paperback,In stock online
My Year of… ,Ottessa Moshfegh,£9.99,no old price,Paperback,In stock online
The Making of… ,Jeremy Bowen,  £9.49,£10.99,Paperback,In stock online
A Court of… ,Sarah J. Maas,£8.99,no old price,Paperback,In stock online
A Tempest of Tea,Hafsah Faizal,£16.99,no old price,Hardback,Pre-order
Space,Tim Peake,  £11.00,£22.00,Hardback,In stock online
The Life of Birds,Sir David Attenborough,£25.00,no old price,Hardback,
Dune,Frank Herbert,£9.99,no old price,Paperback,In stock online
The Seven… ,Shehan Karunatilaka,  £8.49,£9.99,Paperback,In stock online
The Armour of… ,Ken Follett,  £12.50,£25.00,Hardback,In stock online
The Rest is… ,Goalhanger Podcasts,  £9.49,£18.99,Hardback,In stock online
One Of Us Is… ,Karen M. McManus,  £6.99,£8.99,Paperback,In stock online
Good Omens,Neil Gaiman,£9.99,no old price,Paperback,In stock online
Prisoners of… ,Tim Marshall,£9.99,no old price,Paperback,In stock online
What the… ,Julia Donaldson,£7.99,no old price,Paperback,In stock online
Wrong Place… ,Gillian McAllister,  £8.99,£9.99,Paperback,In stock online
Cat Erasable Pen,Legami,£1.99,no old price,General merchandise,In stock online
Kammy,Chris Kamara,  £11.00,£22.00,Hardback,In stock online
Shatter Me,Tahereh Mafi,£8.99,no old price,Paperback,In stock online
Welcome to… ,Hwang Bo-reum,£14.99,no old price,Hardback,In stock online
Berserker!,Adrian Edmondson,  £11.00,£22.00,Hardback,In stock online
Wild Hope,Donna Ashworth,  £6.49,£12.99,Hardback,In stock online
Good Girl… ,Holly Jackson,£8.99,no old price,Paperback,In stock online
The Daily Stoic,Ryan Holiday,£10.99,no old price,Paperback,In stock online
Aerial… ,Museums And Gallerie,£1.99,no old price,Bookmark,In stock online
The World's… ,David Walliams,  £7.49,£14.99,Hardback,In stock online
The Family… ,Lisa Jewell,  £8.49,£9.99,Paperback,In stock online
Lottie… ,Katie Kirby,  £6.49,£7.99,Paperback,In stock online
Tackle!,Jilly Cooper,  £11.00,£22.00,Hardback,In stock online
Elon Musk,Walter Isaacson,  £14.00,£28.00,Hardback,In stock online
Bad Actors,Mick Herron,£9.99,no old price,Paperback,In stock online
Circe,Madeline Miller,£9.99,no old price,Paperback,In stock online
The Figurine,Victoria Hislop,  £12.50,£25.00,Hardback,In stock online
Ripley’s… ,Ripley,  £11.00,£22.00,Hardback,In stock online
Fairy Tale,Stephen King,  £7.99,£9.99,Paperback,In stock online
House of Sky… ,Sarah J. Maas,  £8.49,£9.99,Paperback,In stock online
Bunny,Mona Awad,£9.99,no old price,Paperback,In stock online
The Lost… ,Guy Shrubsole,  £9.49,£10.99,Paperback,In stock online
A Good Girl’s… ,Holly Jackson,£16.99,no old price,Hardback,In stock online
The Warm… ,Katherine Arden,£18.99,no old price,Hardback,
Marple:… ,Agatha Christie,  £7.99,£9.99,Paperback,In stock online
Never Let Me… ,Kazuo Ishiguro,£9.99,no old price,Paperback,In stock online
I Love Books -… ,Museums And Gallerie,£1.99,no old price,Bookmark,
The Best of… ,Matt Pritchett,  £4.49,£8.99,Paperback,In stock online
Once Upon A… ,Stephanie Garber,£18.99,no old price,Hardback,
Caraval,Stephanie Garber,£9.99,no old price,Paperback,In stock online
Big Swiss,Jen Beagin,  £8.49,£9.99,Paperback,In stock online
The Official… ,Driver & Vehicle Standards Agency,£4.99,no old price,Paperback,In stock online
Murder On… ,Alexandra Benedict,  £8.49,£9.99,Paperback,In stock online
Femina,Dr Janina Ramirez,  £9.49,£12.99,Paperback,In stock online
Emily Wilde's… ,Heather Fawcett,  £8.49,£9.99,Paperback,In stock online
Murtagh,Christopher Paolini,£25.00,no old price,Hardback,In stock online
Strong Female… ,Fern Brady,  £9.49,£10.99,Paperback,In stock online
Bookshops &… ,Travis Baldree,£18.99,no old price,Hardback,In stock online
Waterstones… ,Wine Box Co,£5.99,no old price,General merchandise,In stock online
A Court of… ,Sarah J. Maas,  £8.49,£9.99,Paperback,In stock online
The Escape… ,Jonathan Freedland,  £8.49,£9.99,Paperback,In stock online
A Curse For… ,Stephanie Garber,£18.99,no old price,Hardback,
As Good As… ,Holly Jackson,£8.99,no old price,Paperback,In stock online
King of Greed,Ana Huang,  £7.99,£9.99,Paperback,In stock online
The Hundred… ,Rashid I. Khalidi,£10.99,no old price,Paperback,In stock online
American… ,Bret Easton Ellis,£9.99,no old price,Paperback,In stock online
Kay’s… ,Adam Kay,  £11.99,£14.99,Hardback,In stock online
Deliciously… ,Ella Mills,  £16.99,£22.00,Hardback,In stock online
American… ,Kai Bird,  £10.99,£12.99,Paperback,In stock online
The Ultimate… ,Clare Andrews,  £14.99,£20.00,Hardback,In stock online
Steeple Chasing,Peter Ross,  £8.99,£10.99,Paperback,In stock online
The Fragile… ,V. E. Schwab,£18.99,no old price,Hardback,
The Plot,Nadine Dorries,  £19.99,£25.00,Hardback,In stock online
MINI METAL… ,,£1.99,no old price,Other merchandise,In stock online
The Passenger,Cormac McCarthy,  £8.49,£9.99,Paperback,In stock online
Those People… ,Kia Abdullah,  £8.49,£9.99,Paperback,In stock online
The Dead of… ,Stuart MacBride,  £7.99,£9.99,Paperback,In stock online
Chainsaw Man… ,Tatsuki Fujimoto,£8.99,no old price,Paperback,In stock online
The Scarlet… ,Matthew Richardson,£8.99,no old price,Paperback,In stock online
Check & Mate,Ali Hazelwood,  £8.49,£9.99,Paperback,In stock online
Rick Stein's… ,Rick Stein,  £22.99,£28.00,Hardback,In stock online
Twisted Games,Ana Huang,£9.99,no old price,Paperback,In stock online
Tom Gates 21:… ,Liz Pichon,  £6.49,£12.99,Hardback,In stock online
Sword Catcher,Cassandra Clare,  £11.00,£22.00,Hardback,In stock online
Wisteria,Adalyn Grace,£18.99,no old price,Hardback,Pre-order
Mosquito,Rowland White,  £10.00,£20.00,Hardback,In stock online
A Day of… ,Samantha Shannon,  £8.49,£9.99,Paperback,In stock online
Pokemon… ,Pokemon,£9.99,no old price,Hardback,In stock online
Faebound,Saara El-Arifi,£16.99,no old price,Hardback,
The Book You… ,Philippa Perry,  £9.49,£18.99,Hardback,In stock online
The Very… ,Eric Carle,£7.99,no old price,Board book,In stock online
Foster,Claire Keegan,£8.99,no old price,Paperback,In stock online
We're Going… ,Martha Mumford,£7.99,no old price,Paperback,In stock online
The Priory of… ,Samantha Shannon,£10.99,no old price,Paperback,In stock online
Pub Kitchen,Tom Kerridge,  £13.50,£27.00,Hardback,In stock online
Catching Fire,Suzanne Collins,£8.99,no old price,Paperback,In stock online
The Gardening… ,Monty Don,  £28.00,£30.00,Hardback,In stock online
Loyalty,Martina Cole,  £12.50,£25.00,Hardback,In stock online
Dino Erasable… ,Legami,£1.99,no old price,General merchandise,In stock online
The… ,Greg Loades,  £4.99,£9.99,Hardback,In stock online
Better Than… ,Lynn Painter,£8.99,no old price,Paperback,In stock online
Europe… ,Museums And Gallerie,£1.99,no old price,Bookmark,In stock online
The Cruel… ,Holly Black,£8.99,no old price,Paperback,In stock online
White Holes,Carlo Rovelli,  £7.49,£14.99,Hardback,In stock online
Binding 13,Chloe Walsh,£9.99,no old price,Paperback,In stock online
The Seven… ,Bettany Hughes,  £20.99,£25.00,Hardback,In stock online
A Court of… ,Sarah J. Maas,£8.99,no old price,Paperback,In stock online
One Dark… ,Rachel Gillig,£10.99,no old price,Paperback,In stock online
Hercule… ,Sophie Hannah,  £11.00,£22.00,Hardback,In stock online
Murder Most… ,Dr Robin Stevens,£7.99,no old price,Paperback,In stock online
Dear Dolly,Dolly Alderton,  £7.99,£9.99,Paperback,In stock online
An Immense… ,Ed Yong,  £8.99,£10.99,Paperback,In stock online
Squeaky Clean,Callum McSorley,  £8.49,£9.99,Paperback,In stock online
The Alchemist,Paulo Coelho,£9.99,no old price,Paperback,In stock online
The… ,Margaret Atwood,£9.99,no old price,Paperback,In stock online
The Twist of a… ,Anthony Horowitz,  £8.49,£9.99,Paperback,In stock online
The Hike,Lucy Clarke,  £7.49,£8.99,Paperback,In stock online
Good Vibes… ,Vex King,£12.99,no old price,Paperback,In stock online
Hamnet,Maggie O'Farrell,£9.99,no old price,Paperback,In stock online
Traitors Gate,Jeffrey Archer,  £11.00,£22.00,Hardback,In stock online
Tabby McTat,Julia Donaldson,£7.99,no old price,Paperback,In stock online
Can't Spell… ,Rebecca Thorne,£22.00,no old price,Hardback,Pre-order
How to Make… ,Hayley Dean,  £18.99,£22.00,Hardback,In stock online
100%… ,100% Unofficial,£9.99,no old price,Hardback,In stock online
Howl’s… ,Diana Wynne Jones,£7.99,no old price,Paperback,In stock online
And Away...,Bob Mortimer,£9.99,no old price,Paperback,In stock online
Diary of a… ,Jeff Kinney,  £6.49,£7.99,Paperback,In stock online
Undoctored,Adam Kay,  £7.99,£9.99,Paperback,In stock online
Super Bounce… ,The Soure Wholesale,£6.99,no old price,Toy,In stock online
Bunny vs… ,Jamie Smart,£9.99,no old price,Paperback,In stock online
Dobble Connect,Asmodee,£14.99,no old price,Game,In stock online
Night Sky… ,Storm Dunlop,£9.99,no old price,Hardback,In stock online
Medea,Rosie Hewlett,£16.99,no old price,Hardback,Pre-order
Funny Story,Emily Henry,£18.99,no old price,Hardback,
SÍ SEÑOR,Roberto Firmino,  £15.99,£22.00,Hardback,In stock online
Where the… ,Delia Owens,  £7.99,£9.99,Paperback,In stock online
The Other Half,Charlotte Vassell,  £8.49,£9.99,Paperback,In stock online
Time Shelter,Georgi Gospodinov,£9.99,no old price,Paperback,In stock online
Spaceboy,David Walliams,  £6.49,£7.99,Paperback,In stock online
Poor Things,Alasdair Gray,£9.99,no old price,Paperback,In stock online
Black Holes,Professor Brian Cox,  £9.49,£10.99,Paperback,In stock online
The Extremely… ,Katie Kirby,£7.99,no old price,Paperback,In stock online
Pachinko,Min Jin Lee,£8.99,no old price,Paperback,In stock online
King of Wrath,Ana Huang,  £8.49,£9.99,Paperback,In stock online
Interesting… ,Jordan Moore,£10.90,no old price,Paperback,In stock online
The Life and… ,Benjamin Zephaniah,£10.99,no old price,Paperback,In stock online
Supertato:… ,Sue Hendra,  £6.49,£7.99,Paperback,In stock online
Dog Man,Dav Pilkey,£9.99,no old price,Paperback,In stock online
No Longer… ,Osamu Dazai,£10.99,no old price,Paperback,In stock online
Bad Luck And… ,Lee Child,£9.99,no old price,Paperback,In stock online
The Atlas Six,Olivie Blake,£9.99,no old price,Paperback,In stock online
The 48 Laws… ,Robert Greene,£18.99,no old price,Paperback,In stock online
Chip War,Chris Miller,  £9.49,£10.99,Paperback,In stock online
Colditz,Ben Macintyre,  £9.49,£10.99,Paperback,In stock online
Happy… ,Hype Associates     ,£2.99,no old price,Cards,In stock online
The Salt Path,Raynor Winn,£10.99,no old price,Paperback,In stock online
Love Untold,Ruth Jones,  £7.99,£9.99,Paperback,In stock online
The Cat Who… ,James Norbury,  £9.49,£18.99,Hardback,In stock online
The Concise… ,Robert Greene,£9.99,no old price,Paperback,In stock online
Alan… ,Alan Partridge,  £12.50,£25.00,Hardback,In stock online
How the… ,Dr. Seuss,£7.99,no old price,Paperback,In stock online
Throne of Glass,Sarah J. Maas,£8.99,no old price,Paperback,In stock online
The Island of… ,Elif Shafak,£9.99,no old price,Paperback,In stock online
Ugly Love,Colleen Hoover,  £7.49,£8.99,Paperback,In stock online
Harry Potter… ,J. K. Rowling,£7.99,no old price,Paperback,In stock online
I Am Pilgrim,Terry Hayes,£9.99,no old price,Paperback,In stock online
Tabby McTat… ,Julia Donaldson,£7.99,no old price,Paperback,In stock online
Norwegian Wood,Haruki Murakami,£9.99,no old price,Paperback,In stock online
The… ,Rachel Bright,  £6.49,£7.99,Paperback,In stock online
Tales from the… ,Toshikazu Kawaguchi,£9.99,no old price,Paperback,In stock online
Charles III,Robert Hardman,  £18.99,£22.00,Hardback,In stock online
"Madly, Deeply",Alan Rickman,  £10.99,£12.99,Paperback,In stock online
Clytemnestra,Costanza Casati,  £7.49,£8.99,Paperback,In stock online
Match of the… ,Match of the Day Magazine,£8.99,no old price,Hardback,
Voyage of the… ,Frances White,£18.99,no old price,Hardback,In stock online
Twisted Hate,Ana Huang,£9.99,no old price,Paperback,In stock online
Panda… ,Legami,£1.99,no old price,General merchandise,In stock online
How to Argue… ,Ed Winters,£16.99,no old price,Hardback,In stock online
Help I S*xted… ,William Hanson,  £10.00,£20.00,Hardback,In stock online
Dinosaurs… ,Museums And Gallerie,£1.99,no old price,Bookmark,In stock online
A Tempest of Tea,Hafsah Faizal,£16.99,no old price,Hardback,Pre-order
Bluey: The… ,Bluey,£8.99,no old price,Hardback,In stock online
The Ballad of… ,Suzanne Collins,  £7.49,£8.99,Paperback,In stock online
The Jolly… ,Allan Ahlberg,£12.99,no old price,Hardback,In stock online
The Final Year,Matt Goodfellow,  £7.49,£8.99,Paperback,In stock online
Let the Light… ,Lemn Sissay,  £6.49,£12.99,Hardback,In stock online
Murder on… ,Tom Hindle,  £14.99,£16.99,Hardback,In stock online
The Summer I… ,Jenny Han,£8.99,no old price,Paperback,In stock online
The Last Bear,Hannah Gold,£7.99,no old price,Paperback,In stock online
Beaded… ,Peter Pauper Press,£3.99,no old price,Bookmark,In stock online
Faebound,Saara El-Arifi,  £14.99,£16.99,Hardback,In stock online
"Girl, Goddess… ",Bea Fitzgerald,  £7.49,£8.99,Paperback,In stock online
Waterstones… ,Crawford henderson,£4.99,no old price,Bookmark,In stock online
Resurrection… ,Michael Connelly,  £11.00,£22.00,Hardback,In stock online
The… ,Holly Jackson,£14.99,no old price,Hardback,Pre-order
The Atlas… ,Olivie Blake,  £8.49,£9.99,Paperback,In stock online
Goldfinch,Raven Kennedy,£20.00,no old price,Hardback,Pre-order
Sharpe's… ,Bernard Cornwell,  £11.00,£22.00,Hardback,In stock online
Little Women,Louisa May Alcott,£16.99,no old price,Hardback,In stock online
The Hairy… ,Hairy Bikers,  £12.50,£25.00,Hardback,In stock online
Dobble,ESDEVIUM GAMES LTD,£13.99,no old price,Toy,In stock online
There's a… ,Tom Fletcher,  £6.49,£7.99,Paperback,In stock online
How Does She… ,Paris Fury,  £11.00,£22.00,Hardback,In stock online
Tarot Cards,Gift Republic,£4.99,no old price,General merchandise,In stock online
The Winter… ,Bridget Collins,  £14.99,£16.99,Hardback,In stock online
The Poppy War,R.F. Kuang,£9.99,no old price,Paperback,In stock online
Emily Wilde's… ,Heather Fawcett,£20.00,no old price,Hardback,In stock online
Archive,Sofia Coppola,£55.00,no old price,Paperback,In stock online
Marc… ,Museums And Gallerie,£1.99,no old price,Bookmark,In stock online
Tokyo Express,Seicho Matsumoto,£9.99,no old price,Paperback,In stock online
Nineteen… ,George Orwell,£8.99,no old price,Paperback,In stock online
Dear Zoo,Rod Campbell,£7.99,no old price,Board book,In stock online
Six of Crows,Leigh Bardugo,£8.99,no old price,Paperback,In stock online
Uncle Paul,Celia Fremlin,£9.99,no old price,Paperback,In stock online
The Serpent… ,Carissa Broadbent,£22.00,no old price,Hardback,In stock online
Still Life,Sarah Winman,£8.99,no old price,Paperback,In stock online
Twisted Lies,Ana Huang,£9.99,no old price,Paperback,In stock online
Fourth Wing,Rebecca Yarros,£9.99,no old price,Paperback,Pre-order
12 Rules for Life,Jordan B. Peterson,£10.99,no old price,Paperback,In stock online
The Ship… ,Mensun Bound,  £9.49,£10.99,Paperback,In stock online
Dog Man 11:… ,Dav Pilkey,  £6.49,£12.99,Hardback,In stock online
"Thinking, Fast… ",Daniel Kahneman,£12.99,no old price,Paperback,In stock online
Gooey Mesh… ,Keycraft,£3.99,no old price,Toy,In stock online
5 Second Rule… ,University Games,£10.99,no old price,Game,In stock online
Simply Lies,David Baldacci,  £8.49,£9.99,Paperback,In stock online
Before We Say… ,Toshikazu Kawaguchi,  £7.49,£14.99,Hardback,In stock online
Concorde,Mike Bannister,  £9.49,£10.99,Paperback,In stock online
Unruly,David Mitchell,£25.00,no old price,Hardback,
A Gentleman… ,Amor Towles,£9.99,no old price,Paperback,In stock online
Stick Man,Julia Donaldson,£7.99,no old price,Paperback,In stock online
Tom Gates 20:… ,Liz Pichon,  £6.49,£7.99,Paperback,In stock online
I Know It’s You,Susan Lewis,£9.99,no old price,Paperback,In stock online
Lapvona,Ottessa Moshfegh,£9.99,no old price,Paperback,In stock online
Mockingjay,Suzanne Collins,£8.99,no old price,Paperback,In stock online
Pride and… ,Jane Austen,£16.99,no old price,Hardback,In stock online
Bored of… ,Nathan Anthony,  £12.99,£18.99,Hardback,In stock online
What If?2,Randall Munroe,  £9.49,£10.99,Paperback,In stock online
My Life with… ,Ali Novak,  £7.49,£8.99,Paperback,In stock online
The Secret Hours,Mick Herron,  £11.00,£22.00,Hardback,In stock online
The Gruffalo,Julia Donaldson,  £6.49,£7.99,Board book,In stock online
2024 Guide to… ,Storm Dunlop,£6.99,no old price,Paperback,In stock online
The Partisan,Patrick Worrall,£9.99,no old price,Paperback,In stock online
The Narrow… ,Patrick Rothfuss,  £9.49,£18.99,Hardback,In stock online
The… ,Andy Griffiths,  £6.49,£12.99,Hardback,In stock online
The Orange… ,Wendy Cope,£8.99,no old price,Hardback,In stock online
Eye for An Eye,M. J. Arlidge,£9.99,no old price,Paperback,In stock online
Girl With Red… ,Gibson Hanson Graphics,£2.99,no old price,Cards,In stock online
The Boys from… ,John Grisham,£9.99,no old price,Paperback,In stock online
Circe,Madeline Miller,£20.00,no old price,Hardback,In stock online
Small Light… ,Keycraft,£3.99,no old price,Toy,In stock online
Walk Yourself… ,Julia Bradbury,  £10.00,£20.00,Hardback,In stock online
The Greatest… ,Vex King,  £16.99,£22.00,Hardback,In stock online
The Wonder… ,Leah Williamson,£6.99,no old price,Paperback,In stock online
The World of… ,John Mullan,£16.99,no old price,Game,In stock online
Bunny… ,Legami,£1.99,no old price,General merchandise,In stock online
Unnatural Death,Patricia Cornwell,  £11.00,£22.00,Hardback,In stock online
The Last… ,Stuart Turton,£20.00,no old price,Hardback,Pre-order
Dear Santa,Rod Campbell,£7.99,no old price,Board book,In stock online
Carrie Soto Is… ,Taylor Jenkins Reid,  £7.99,£9.99,Paperback,In stock online
In Ascension,Martin MacInnes,  £8.49,£9.99,Paperback,In stock online
The Tiger… ,Judith Kerr,£7.99,no old price,Paperback,In stock online
The Book Thief,Markus Zusak,£8.99,no old price,Paperback,In stock online
Too Late,Colleen Hoover,  £7.99,£9.99,Paperback,In stock online
Heartstopper… ,Alice Oseman,£10.99,no old price,Paperback,In stock online
The Tiger… ,Judith Kerr,£7.99,no old price,Board book,In stock online
What It Takes,Sarina Wiegman,  £11.00,£22.00,Hardback,In stock online
Jujutsu Kaisen 0,Gege Akutami,£7.99,no old price,Paperback,In stock online
The… ,Tom Fletcher,£7.99,no old price,Paperback,In stock online
The Wager,David Grann,£20.00,no old price,Hardback,
Bunny vs… ,Jamie Smart,  £7.99,£9.99,Paperback,In stock online
The World,Simon Sebag Montefiore,  £13.99,£16.99,Paperback,In stock online
Waterstones… ,Crawford henderson,£4.99,no old price,Bookmark,In stock online
2024 Yoga… ,Brown Trout,  £5.49,£10.99,Calendar,In stock online
Babel,R.F. Kuang,£9.99,no old price,Paperback,
The Traitors… ,Ginger Fox,£11.99,no old price,Game,In stock online
Impossible… ,Katherine Rundell,£14.99,no old price,Hardback,
Chums,Simon Kuper,  £8.49,£9.99,Paperback,In stock online
The… ,Joanna Quinn,£9.99,no old price,Paperback,
Invisible Women,Caroline Criado-Perez,£10.99,no old price,Paperback,In stock online
Elephant… ,Legami,£1.99,no old price,General merchandise,In stock online
My Brilliant… ,Elena Ferrante,£9.99,no old price,Paperback,In stock online
Convenience… ,Sayaka Murata,£9.99,no old price,Paperback,In stock online
Scattershot,Bernie Taupin,  £12.50,£25.00,Hardback,In stock online
She and her Cat,Makoto Shinkai,  £7.49,£8.99,Paperback,In stock online
Piggy Erasable… ,Legami,£1.99,no old price,General merchandise,In stock online
Bewilderment,Richard Powers,  £4.99,£9.99,Paperback,In stock online
The Picture of… ,Oscar Wilde,£16.99,no old price,Hardback,In stock online
Super-Infinite,Katherine Rundell,  £9.49,£10.99,Paperback,In stock online
Spy Pen,Tinc,£3.99,no old price,General merchandise,In stock online
Britain's Best… ,Tim Benson,  £8.49,£16.99,Paperback,In stock online
Sapiens,Yuval Noah Harari,£12.99,no old price,Paperback,In stock online
LEGO®… ,LEGO®,  £2.99,£9.99,Hardback,In stock online
Daisy Jones… ,Taylor Jenkins Reid,  £7.99,£9.99,Paperback,In stock online
Where's Spot?,Eric Hill,£7.99,no old price,Board book,In stock online
Squish A Saurus,House of Marbles,£5.99,no old price,Toy,In stock online
Fate Breaker,Victoria Aveyard,£22.00,no old price,Hardback,Pre-order
The Power of… ,Tim Marshall,£9.99,no old price,Paperback,In stock online
Beaded… ,Peter Pauper Press,£3.99,no old price,Bookmark,In stock online
Old Rage,Sheila Hancock,  £7.99,£9.99,Paperback,In stock online
Diary of a… ,Jeff Kinney,  £6.49,£7.99,Paperback,In stock online
… ,IF - THE PUBLISHER,£2.99,no old price,Bookmark,In stock online
Standing in… ,Peter Robinson,  £8.49,£9.99,Paperback,In stock online
Quoridor Classic,Hachette Board Games,£29.99,no old price,Game,In stock online
Roots of… ,Susie Dent,  £8.49,£16.99,Hardback,In stock online
The Lyrics,Paul McCartney,  £17.99,£22.00,Paperback,In stock online
Charlie and… ,Roald Dahl,£7.99,no old price,Paperback,In stock online
The Hurricane… ,Thea Guanzon,£18.99,no old price,Hardback,In stock online
The Power of… ,Eckhart Tolle,£12.99,no old price,Paperback,In stock online
Beaded… ,Inc Peter Pauper Press,£3.99,no old price,Other merchandise,In stock online
French Braid,Anne Tyler,£9.99,no old price,Paperback,In stock online
Stolen Focus,Johann Hari,  £8.99,£10.99,Paperback,In stock online
Clockwork… ,Keycraft,£3.99,no old price,Toy,In stock online
Harry Potter… ,J. K. Rowling,£7.99,no old price,Paperback,In stock online
Mob 6: Tasty… ,Mob,  £11.00,£22.00,Hardback,In stock online
Marc… ,Museums And Gallerie,£1.99,no old price,Bookmark,In stock online
Frankenstein,Mary Shelley,£16.99,no old price,Hardback,In stock online
The Color Purple,Alice Walker,£9.99,no old price,Paperback,In stock online
Love Redesigned,Lauren Asher,  £8.49,£9.99,Paperback,In stock online
This is How… ,Amal El-Mohtar,£10.99,no old price,Paperback,In stock online
Oor Wullie &… ,D.C.Thomson & Co Ltd,  £2.99,£15.99,Hardback,In stock online
Jujutsu Kaisen… ,Gege Akutami,£8.99,no old price,Paperback,
Michael… ,Michael Morpurgo,  £10.00,£20.00,Hardback,In stock online
Fahrenheit 451,Ray Bradbury,£9.99,no old price,Paperback,In stock online
Ikigai,Hector Garcia,£14.99,no old price,Hardback,In stock online
The Fraud,Zadie Smith,£20.00,no old price,Hardback,In stock online
Lawrence of… ,Ranulph Fiennes,  £12.50,£25.00,Hardback,In stock online
Things To Do… ,Alex Smart,£4.99,no old price,Paperback,
What If?,Randall Munroe,£10.99,no old price,Paperback,In stock online
An Inspector… ,J. B. Priestley,£9.99,no old price,Hardback,In stock online
Crime and… ,Fyodor Dostoyevsky,£9.99,no old price,Paperback,In stock online
Things We… ,Lucy Score,  £7.99,£9.99,Paperback,In stock online
The Mad… ,Museums And Gallerie,£1.99,no old price,Bookmark,In stock online
Bluey:… ,Bluey,£7.99,no old price,Paperback,In stock online
Marc… ,Museums And Gallerie,£1.99,no old price,Bookmark,In stock online
Emperor of… ,Professor Mary Beard,£30.00,no old price,Hardback,
The Hurricane… ,Thea Guanzon,£18.99,no old price,Hardback,
Do No Harm,Jack Jordan,  £7.99,£9.99,Paperback,In stock online
Boy Parts,Eliza Clark,£9.99,no old price,Paperback,In stock online
Heartstopper… ,Alice Oseman,  £10.99,£12.99,Paperback,In stock online
The Ministry… ,Dr Robin Stevens,  £6.49,£7.99,Paperback,In stock online
Nothing But… ,The Secret Barrister,  £8.99,£10.99,Paperback,In stock online
Air-Fryer… ,Jenny Tschiesche,£16.99,no old price,Hardback,In stock online
The Invisible… ,V. E. Schwab,£9.99,no old price,Paperback,In stock online
Dracula,Bram Stoker,£16.99,no old price,Hardback,In stock online
Betting on You,Lynn Painter,  £7.49,£8.99,Paperback,In stock online
Cyber Pet,The Soure Wholesale,£7.99,no old price,Toy,In stock online
Waterstones… ,Wine Box Co Ltd,£7.99,no old price,General merchandise,In stock online
The Burnout,Sophie Kinsella,  £11.00,£22.00,Hardback,In stock online
Burning Crowns,Katherine Webber,£8.99,no old price,Paperback,Pre-order
Hallowe'en Party,Agatha Christie,  £8.49,£9.99,Paperback,In stock online
Shuggie Bain,Douglas Stuart,£9.99,no old price,Paperback,In stock online
The Last… ,Elly Griffiths,  £7.99,£9.99,Paperback,In stock online
I Who Have… ,Jacqueline Harpman,£9.99,no old price,Paperback,In stock online
Heartstopper… ,Alice Oseman,  £10.99,£12.99,Paperback,In stock online
Watford Forever,John Preston,  £11.00,£22.00,Hardback,In stock online
A Head Full of… ,Cliff Richard,  £12.50,£25.00,Hardback,In stock online
Cat Lady,Dawn O’Porter,£9.99,no old price,Paperback,In stock online
Otherlands,Thomas Halliday,  £9.49,£10.99,Paperback,In stock online
Isadora Moon… ,Harriet Muncaster,  £4.99,£9.99,Hardback,In stock online
The Boy Who… ,Matt Lucas,  £6.49,£12.99,Hardback,In stock online
Our Wives… ,Julia Armfield,£9.99,no old price,Paperback,In stock online
Waterstones… ,Wine Box Co Ltd,£7.99,no old price,General merchandise,In stock online
Guess How… ,Sam McBratney,£7.99,no old price,Board book,In stock online
Mythos,Stephen Fry,£10.99,no old price,Paperback,In stock online
Powerless,Lauren Roberts,£9.99,no old price,Paperback,Pre-order
Klara and the… ,Kazuo Ishiguro,£9.99,no old price,Paperback,In stock online
The Breakfast… ,Marcus Rashford,  £5.49,£6.99,Paperback,In stock online
Little Miss… ,Hype Associates     ,£2.99,no old price,Cards,In stock online
Mr Birthday… ,Hype Associates     ,£2.99,no old price,Cards,In stock online
Follow the… ,Professor Paul Johnson,  £10.99,£12.99,Paperback,In stock online
Tender is the… ,Sarah Moses,£9.99,no old price,Paperback,In stock online
Keyring Torch,Uni-Com (Global) Ltd,£2.99,no old price,General merchandise,In stock online
The Owl… ,Museums And Gallerie,£1.99,no old price,Bookmark,In stock online
Drive Your… ,Olga Tokarczuk,£8.99,no old price,Paperback,In stock online
Exiles,Jane Harper,  £7.99,£9.99,Paperback,In stock online
The Restless… ,Anna Keay,  £8.99,£10.99,Paperback,In stock online
Everything is… ,Clive Myrie,  £11.00,£22.00,Hardback,In stock online
Heartstopper… ,Alice Oseman,  £10.99,£12.99,Paperback,In stock online
The Graham… ,Elle Kennedy,  £8.49,£9.99,Paperback,In stock online
Flawless,Elsie Silver,£9.99,no old price,Paperback,In stock online
Diary Of A… ,Jeff Kinney,£7.99,no old price,Paperback,In stock online
Birds Of Many… ,Museums And Gallerie,£2.99,no old price,Cards,In stock online
Call Me By… ,André Aciman,£9.99,no old price,Paperback,In stock online
George Harrison,Philip Norman,  £12.50,£25.00,Hardback,In stock online
The Vanquishers,Kalynn Bayron,  £6.49,£7.99,Paperback,In stock online
Any Human… ,William Boyd,£9.99,no old price,Paperback,In stock online
All This… ,Tahereh Mafi,£14.99,no old price,Hardback,Pre-order
The Chimp… ,Prof Steve Peters,£14.99,no old price,Paperback,In stock online
Worthy… ,Danielle Steel,£8.99,no old price,Paperback,In stock online
The Great Post… ,Nick Wallis,£13.99,no old price,Paperback,In stock online
The Subtle Art… ,Mark Manson,£18.99,no old price,Hardback,In stock online
Finding Bear,Hannah Gold,  £6.49,£12.99,Hardback,In stock online
Thieves' Gambit,Kayvion Lewis,  £7.49,£8.99,Paperback,In stock online
The Appeal,Janice Hallett,  £7.99,£9.99,Paperback,In stock online
The Christmas… ,Alexandra Benedict,£14.99,no old price,Hardback,
The Lock-Up,John Banville,  £8.49,£9.99,Paperback,In stock online
Remarkably… ,Shelby Van Pelt,£8.99,no old price,Paperback,In stock online
Russia,Antony Beevor,  £9.49,£10.99,Paperback,In stock online
The… ,Douglas Adams,£9.99,no old price,Paperback,In stock online
The Coming… ,Mustafa Suleyman,  £20.99,£25.00,Hardback,In stock online
The Maid,Nita Prose,  £7.49,£8.99,Paperback,In stock online
Guess How… ,Museums And Gallerie,£1.99,no old price,Bookmark,In stock online
Entangled Life,Merlin Sheldrake,£12.99,no old price,Paperback,In stock online
That's not… ,Rachel Wells,£12.99,no old price,Board book,In stock online
The Gruffalo,Julia Donaldson,£7.99,no old price,Paperback,In stock online
November 9,Colleen Hoover,  £7.49,£8.99,Paperback,In stock online
Dandy Annual… ,D.C.Thomson & Co Ltd,£11.99,no old price,Hardback,Click & Collect only
How Did We… ,Kate Moore,  £4.99,£9.99,Hardback,In stock online
Lolita,Vladimir Nabokov,£9.99,no old price,Paperback,In stock online
Mog’s Christmas,Judith Kerr,£7.99,no old price,Paperback,In stock online
Bookshops &… ,Travis Baldree,£18.99,no old price,Hardback,
The… ,Katie Kirby,£7.99,no old price,Paperback,In stock online
The Fine Print,Lauren Asher,£9.99,no old price,Paperback,In stock online
Pax,Tom Holland,  £23.99,£30.00,Hardback,In stock online
The New Life,Tom Crewe,  £8.49,£9.99,Paperback,In stock online
But What Can… ,Alastair Campbell,  £8.99,£10.99,Paperback,In stock online
Belladonna,Adalyn Grace,  £8.49,£9.99,Paperback,In stock online
Magnet Set,Keycraft,£6.99,no old price,Toy,In stock online
Hopeless,Elsie Silver,£9.99,no old price,Paperback,In stock online
SPQR,Professor Mary Beard,£10.99,no old price,Paperback,In stock online
Coraline,Neil Gaiman,£7.99,no old price,Paperback,In stock online
DallerGut… ,Miye Lee,  £11.99,£14.99,Paperback,In stock online
Normal Rules… ,Kate Atkinson,  £9.49,£18.99,Hardback,In stock online
Entangled Life… ,Merlin Sheldrake,  £24.99,£30.00,Hardback,In stock online
Peggy Card,Art Press,£2.99,no old price,Cards,In stock online
The Christmas… ,J. K. Rowling,£10.99,no old price,Paperback,In stock online
We're Going… ,Michael Rosen,£7.99,no old price,Board book,In stock online
Wintering,Katherine May,£12.99,no old price,Paperback,In stock online
Paddington,Michael Bond,£7.99,no old price,Board book,In stock online
The Farm Table,Julius Roberts,  £21.99,£27.00,Hardback,In stock online
"My Sister, the… ",Oyinkan Braithwaite,£9.99,no old price,Paperback,In stock online
They Both Die… ,Adam Silvera,£8.99,no old price,Paperback,In stock online
The Smeds… ,Julia Donaldson,£7.99,no old price,Paperback,In stock online
Percy Jackson… ,Rick Riordan,£16.99,no old price,Hardback,
Jujutsu Kaisen… ,Gege Akutami,£8.99,no old price,Paperback,In stock online
Wordle… ,Ivy Press,£7.99,no old price,Paperback,In stock online
Sticker Dolly… ,Fiona Watt,£7.99,no old price,Paperback,In stock online
Flavour,Sabrina Ghayour,  £13.00,£26.00,Hardback,In stock online
Assistant to… ,Hannah Nicole Maehrer,£8.99,no old price,Paperback,In stock online
Hell Bent,Leigh Bardugo,  £8.49,£9.99,Paperback,In stock online
Pooh Bookmark,Peter Pauper Press,£3.99,no old price,Bookmark,In stock online
Why Has… ,Julie Smith,  £14.99,£16.99,Hardback,In stock online
Dork Diaries:… ,Rachel Renee Russell,  £6.49,£12.99,Hardback,In stock online
Glitter Water… ,Keycraft,£3.99,no old price,Toy,In stock online
Sumida River… ,Museums And Galleries,£2.99,no old price,Cards,In stock online
One of Us is… ,Karen M. McManus,  £7.49,£14.99,Hardback,In stock online
A History of… ,Gyles Brandreth,  £9.49,£10.99,Paperback,In stock online
The Explorer,Katherine Rundell,£7.99,no old price,Paperback,In stock online
Breath,James Nestor,£10.99,no old price,Paperback,In stock online
Water… ,The Soure Wholesale,£6.99,no old price,Toy,In stock online
Cat Birthday… ,Jelly Arm Chair,£3.29,no old price,Cards,In stock online
Elektra,Jennifer Saint,  £8.49,£9.99,Paperback,In stock online
The Extra Mile,Kevin Sinfield,  £16.99,£20.00,Hardback,In stock online
Rebecca,Daphne du Maurier,  £8.99,£9.99,Paperback,In stock online
Marc… ,Museums And Gallerie,£1.99,no old price,Bookmark,In stock online
Bunny vs… ,Jamie Smart,£9.99,no old price,Paperback,In stock online
Politics On the… ,Rory Stewart,£22.00,no old price,Hardback,In stock online
Stop Them Dead,Peter James,  £11.00,£22.00,Hardback,In stock online
Bluey:… ,Bluey,£6.99,no old price,Paperback,In stock online
Dishoom,Shamil Thakrar,£26.00,no old price,Hardback,In stock online
Dobble Harry… ,Asmodee UK,£15.99,no old price,Game,In stock online
Blood Meridian,Cormac McCarthy,£10.99,no old price,Paperback,In stock online
Harry Potter… ,J. K. Rowling,£9.99,no old price,Paperback,In stock online
All The… ,John Boyne,£8.99,no old price,Paperback,In stock online
Depraved New… ,John Crace,  £8.49,£16.99,Hardback,In stock online
Paper… ,Siobhan McDermott,  £6.49,£7.99,Paperback,In stock online
This Much is… ,Miriam Margolyes,  £8.99,£10.99,Paperback,In stock online
Skandar and… ,A.F. Steadman,£14.99,no old price,Hardback,Pre-order
League of the… ,Two Brothers Games Ltd,£34.99,no old price,Game,
A Study in… ,Ava Reid,£16.99,no old price,Hardback,
Piranesi,Susanna Clarke,£8.99,no old price,Paperback,In stock online
The Abuse of… ,Theresa May,  £12.50,£25.00,Hardback,In stock online
Celestial Cloth… ,Cavallini & Company ,£19.99,no old price,General merchandise,In stock online
Hugh Johnson… ,Hugh Johnson,  £7.49,£14.99,Hardback,In stock online
Butterfly… ,Museums And Gallerie,£2.99,no old price,Cards,In stock online
Rich Dad Poor… ,Robert T. Kiyosaki,£13.99,no old price,Paperback,In stock online
Signed Sealed… ,Cynthia Murphy,  £7.49,£8.99,Paperback,In stock online
The Daily Laws,Robert Greene,  £9.49,£10.99,Paperback,In stock online
The Book You… ,Philippa Perry,£10.99,no old price,Paperback,In stock online
Sunset Flight,Museums And Gallerie,£2.99,no old price,Cards,In stock online
The… ,Cixin Liu,£9.99,no old price,Paperback,In stock online
Mog the… ,Judith Kerr,£7.99,no old price,Paperback,In stock online
The Mini… ,Running Press,£5.99,no old price,Multiple items,In stock online
Super… ,Keycraft,£2.99,no old price,Toy,In stock online
All The… ,Mieko Kawakami,£9.99,no old price,Paperback,In stock online
Two Twisted… ,Rachel Gillig,£9.99,no old price,Paperback,In stock online
Divine Milk… ,Divine Chocolate    ,£2.99,no old price,General merchandise,In stock online
The Picture of… ,Oscar Wilde,£7.99,no old price,Paperback,In stock online
Pru and Me,Timothy West,  £11.00,£22.00,Hardback,In stock online
The Rupert… ,Rupert Bear,£10.99,no old price,Hardback,In stock online
The… ,Dav Pilkey,£9.99,no old price,Paperback,In stock online
On Earth… ,Ocean Vuong,£9.99,no old price,Paperback,In stock online
Shakespeare… ,Jelly Arm Chair,£3.29,no old price,Cards,In stock online
How to Kill… ,Katy Brent,£8.99,no old price,Paperback,In stock online
Zog,Julia Donaldson,£7.99,no old price,Paperback,In stock online
Bd King Lion… ,The Art File,£2.59,no old price,Cards,In stock online
Where's Spidey?,Marvel Entertainment International Ltd,£6.99,no old price,Paperback,In stock online
Tyger,SF Said,  £6.49,£7.99,Paperback,In stock online
Yoga for Stiff… ,Marion Deuchars,  £5.00,£10.00,Hardback,In stock online
Tabby McTat… ,Julia Donaldson,£6.99,no old price,Board book,In stock online
Hokusai Wave… ,Museums And Gallerie,£3.50,no old price,General merchandise,In stock online
Waterstones… ,Wine Box Co Ltd,£7.99,no old price,General merchandise,In stock online
Young Mungo,Douglas Stuart,  £8.49,£9.99,Paperback,In stock online
The Perks of… ,Stephen Chbosky,£8.99,no old price,Paperback,In stock online
Dad Jokes:… ,Dad Says Jokes,  £5.49,£10.99,Hardback,In stock online
Moomin Pin… ,Half Moon Bay Ltd   ,£3.99,no old price,General merchandise,In stock online
Percy Jackson… ,Rick Riordan,£8.99,no old price,Paperback,In stock online
The Great… ,Benji Davies,  £6.49,£7.99,Paperback,In stock online
… ,Pigment Productions,£2.59,no old price,Cards,In stock online
Murder at… ,Denzil Meyrick,  £8.49,£16.99,Hardback,In stock online
The Swifts,Beth Lincoln,£7.99,no old price,Paperback,In stock online
The Green… ,Nancy Birtwhistle,  £12.99,£14.99,Hardback,In stock online
Past Lying,Val McDermid,  £11.00,£22.00,Hardback,In stock online
Exploding… ,ESDEVIUM GAMES LTD,£19.99,no old price,Game,In stock online
Diddly Squat:… ,Jeremy Clarkson,£10.99,no old price,Paperback,In stock online
The Hobbit,J. R. R. Tolkien,£8.99,no old price,Paperback,In stock online
Harry Potter… ,J. K. Rowling,£8.99,no old price,Paperback,In stock online
Solitaire,Alice Oseman,£14.99,no old price,Hardback,In stock online
Burning Crowns,Katherine Webber,£8.99,no old price,Paperback,Pre-order
Space Band,Tom Fletcher,£7.99,no old price,Paperback,In stock online
Lord Of The… ,RAVENSBURGER,£39.99,no old price,Game,In stock online
To Kill A… ,Harper Lee,£9.99,no old price,Paperback,In stock online
The Ultimate… ,Clare Andrews,  £10.00,£20.00,Hardback,In stock online
Minor Detail,Adania Shibli,£10.99,no old price,Paperback,In stock online
Taste,Stanley Tucci,  £8.99,£10.99,Paperback,In stock online
Heatwave,Victor Jestin,  £4.49,£8.99,Paperback,In stock online
And Then… ,Agatha Christie,£9.99,no old price,Paperback,In stock online
Alice's… ,Sir John Tenniel,£14.99,no old price,Hardback,In stock online
The Prisoner's… ,Holly Black,£16.99,no old price,Hardback,Pre-order
Weird but true… ,National Geographic Kids,£20.00,no old price,Hardback,In stock online
Cats & Books… ,Rizzoli Universe,  £5.99,£11.99,Calendar,In stock online
The Christmas… ,Sarah Morgan,£8.99,no old price,Paperback,In stock online
A Thousand… ,Khaled Hosseini,£9.99,no old price,Paperback,In stock online
Shoe Dog,Phil Knight,  £9.99,£10.99,Paperback,In stock online
Rebellion,Simon Scarrow,  £11.00,£22.00,Hardback,In stock online
Magnolia Parks,Jessa Hastings,£8.99,no old price,Paperback,In stock online
Empireland,Sathnam Sanghera,£10.99,no old price,Paperback,In stock online
Mortimer &… ,Bob Mortimer,£9.99,no old price,Paperback,In stock online
Chess,Professor Puzzle,£13.99,no old price,Game,In stock online
The Sun and… ,Rick Riordan,  £8.49,£16.99,Hardback,
The… ,Andy Griffiths,  £6.49,£7.99,Paperback,In stock online
My Effin' Life,Geddy Lee,  £15.00,£30.00,Hardback,In stock online
The Shards,Bret Easton Ellis,  £9.49,£10.99,Paperback,In stock online
The Iliad,Homer,£30.00,no old price,Hardback,In stock online
Divine Might,Natalie Haynes,  £10.00,£20.00,Hardback,In stock online
Everyone In… ,Benjamin Stevenson,£9.99,no old price,Paperback,In stock online
The Snowman:… ,Raymond Briggs,£7.99,no old price,Paperback,In stock online
The Sanctuary,Andrew Hunter Murray,  £7.99,£9.99,Paperback,In stock online
How to Win… ,Dale Carnegie,£12.99,no old price,Paperback,In stock online
Each Peach… ,Allan Ahlberg,£7.99,no old price,Board book,In stock online
The Last Dance,Mark Billingham,  £8.49,£9.99,Paperback,In stock online
A Fate Inked… ,Danielle L. Jensen,£16.99,no old price,Hardback,Pre-order
Nick and Charlie,Alice Oseman,£8.99,no old price,Paperback,In stock online
Terry… ,Rob Wilkins,  £9.49,£10.99,Paperback,In stock online
None Of This… ,Lisa Jewell,£20.00,no old price,Hardback,
Lost Realms,Thomas Williams,  £9.49,£10.99,Paperback,In stock online
Tom Lake,Ann Patchett,  £15.99,£18.99,Hardback,In stock online
Rooftoppers,Katherine Rundell,£7.99,no old price,Paperback,In stock online
Spy Glasses,Rex,£3.99,no old price,Toy,In stock online
Hamlyn All… ,Denise Smart,£7.99,no old price,Paperback,In stock online
Autumn… ,Agatha Christie,  £7.49,£14.99,Hardback,In stock online
"Taco, Cat… ",Asmodee,£11.99,no old price,Game,
The Savage… ,James Holland,  £12.50,£25.00,Hardback,In stock online
To Be… ,IF - THE PUBLISHER,£3.99,no old price,General merchandise,In stock online
Chainsaw Man… ,Tatsuki Fujimoto,£8.99,no old price,Paperback,In stock online
Planet Earth III,Matt Brandon,  £15.00,£30.00,Hardback,In stock online
Wildflower… ,Cavallini & Company ,£19.99,no old price,General merchandise,In stock online
Cat Kid Comic… ,Dav Pilkey,  £7.49,£8.99,Paperback,In stock online
Hairy Maclary… ,Lynley Dodd,£7.99,no old price,Board book,In stock online
As Long As… ,Zoulfa Katouh,  £7.49,£8.99,Paperback,In stock online
World Of… ,Laurence King Publishing,£16.99,no old price,Game,In stock online
LEGO® Harry… ,LEGO®,£9.99,no old price,Hardback,In stock online
Dawnlands,Philippa Gregory,  £7.99,£9.99,Paperback,In stock online
Chainsaw Man… ,Tatsuki Fujimoto,£7.99,no old price,Paperback,In stock online
Then She Was… ,Lisa Jewell,£8.99,no old price,Paperback,In stock online
My Dark Romeo,L.J. Shen,£9.99,no old price,Paperback,In stock online
Happy… ,The Art File,£2.99,no old price,Cards,In stock online
Dead Lions,Mick Herron,£9.99,no old price,Paperback,In stock online
The Way I… ,Amber Smith,  £7.49,£8.99,Paperback,In stock online
Bunny vs… ,Jamie Smart,£9.99,no old price,Paperback,In stock online
Magnolia Tree,Canns Down Press    ,£3.29,no old price,Cards,In stock online
We're Going… ,Michael Rosen,£7.99,no old price,Paperback,In stock online
Migration,Canns Down Press    ,£3.29,no old price,Cards,In stock online
Brutto,Russell Norman,  £28.99,£32.00,Hardback,In stock online
The Catcher in… ,J. D. Salinger,£9.99,no old price,Paperback,In stock online
The Shining,Stephen King,£10.99,no old price,Paperback,In stock online
Looshkin: Oof… ,Jamie Smart,  £8.49,£9.99,Paperback,In stock online
"1,000 Places… ",Patricia Schultz,  £11.19,£13.99,Calendar,In stock online
My Neighbor… ,Chronicle Books,£3.99,no old price,Bookmark,In stock online
The Hunting… ,Susan Dennard,£8.99,no old price,Paperback,
Matilda,Roald Dahl,£7.99,no old price,Paperback,In stock online
Llama… ,Legami,£1.99,no old price,General merchandise,In stock online
Magnolia… ,Jessa Hastings,£12.99,no old price,Paperback,Pre-order
The Best… ,Jacqueline Wilson,  £7.49,£14.99,Hardback,In stock online
Brave New… ,Aldous Huxley,£9.99,no old price,Paperback,In stock online
The Goldfinch,Donna Tartt,£10.99,no old price,Paperback,In stock online
House of Wolves,James Patterson,£8.99,no old price,Paperback,In stock online
Spy x Family… ,Tatsuya Endo,£8.99,no old price,Paperback,In stock online
Loki: A Bad… ,Louie Stowell,  £6.49,£7.99,Paperback,In stock online
Can You Find… ,Axel Scheffler,£7.99,no old price,Board book,In stock online
Diary of a… ,Jeff Kinney,£7.99,no old price,Paperback,In stock online
Ottolenghi… ,Yotam Ottolenghi,£30.00,no old price,Hardback,In stock online
Throne of the… ,Kerri Maniscalco,  £16.99,£18.99,Hardback,
The… ,Jennifer Lynn Barnes,£8.99,no old price,Paperback,In stock online
Norse… ,Neil Gaiman,£9.99,no old price,Paperback,In stock online
The Rising Tide,Ann Cleeves,£9.99,no old price,Paperback,In stock online
Beaded… ,Peter Pauper Press,£3.99,no old price,Bookmark,In stock online
Mad Honey,Jodi Picoult,£9.99,no old price,Paperback,In stock online
Surviving to… ,Guenther Steiner,  £14.99,£20.00,Hardback,In stock online
Curled Up… ,IF - THE PUBLISHER,£4.99,no old price,Bookmark,In stock online
Paddington,Michael Bond,£7.99,no old price,Paperback,In stock online
The… ,Natasha Hastings,  £6.49,£7.99,Paperback,
The Traitors… ,Vivid Imaginations,£26.99,no old price,Game,In stock online
Keeping 13,Chloe Walsh,£10.99,no old price,Paperback,In stock online
Barbie,Noah Baumbach,£14.99,no old price,Paperback,In stock online
The… ,Katie Kirby,£7.99,no old price,Paperback,In stock online
The Owl Who… ,Jill Tomlinson,£6.99,no old price,Paperback,In stock online
Little Women,Louisa May Alcott,£8.99,no old price,Paperback,In stock online
Edible… ,Ha-Joon Chang,  £9.49,£10.99,Paperback,In stock online
Stay Calm… ,Woodmansterne       ,£2.99,no old price,Cards,In stock online
The Cloisters,Katy Hays,  £7.49,£8.99,Paperback,In stock online
Shadowlands,Matthew Green,  £8.99,£10.99,Paperback,In stock online
King of Pride,Ana Huang,£9.99,no old price,Paperback,In stock online
A Christmas… ,Charles Dickens,£16.99,no old price,Hardback,In stock online
What the… ,Isabel Ibañez,£18.99,no old price,Hardback,In stock online
Nadiya’s… ,Nadiya Hussain,£26.00,no old price,Hardback,In stock online
Consider Me,Becka Mack,£8.99,no old price,Paperback,In stock online
Diary of a… ,Jeff Kinney,£7.99,no old price,Paperback,In stock online
Waterstones… ,Wine Box Co Ltd,£7.99,no old price,General merchandise,In stock online
The Family… ,Lisa Jewell,£9.99,no old price,Paperback,In stock online
Demon Slayer:… ,Koyoharu Gotouge,£8.99,no old price,Paperback,In stock online
The Art of… ,Ros Atkins,  £16.99,£20.00,Hardback,In stock online
Palm Reading… ,Gift Republic,£4.99,no old price,General merchandise,In stock online
Buried,Alice Roberts,  £8.49,£9.99,Paperback,In stock online
Catch Your… ,Ravena Guron,  £7.49,£8.99,Paperback,In stock online
Killing Floor,Lee Child,£9.99,no old price,Paperback,In stock online
How We Fish,Paul Whitehouse,  £11.00,£22.00,Hardback,In stock online
The Highway… ,Julia Donaldson,£7.99,no old price,Paperback,In stock online
The Assassin's… ,Sarah J. Maas,£8.99,no old price,Paperback,In stock online
Project Hail… ,Andy Weir,£9.99,no old price,Paperback,In stock online
Wuthering… ,Emily Bronte,£16.99,no old price,Hardback,In stock online
A Death in the… ,Reverend Richard Coles,  £9.49,£18.99,Hardback,In stock online
Harry Potter… ,J. K. Rowling,£40.00,no old price,Hardback,In stock online
Cheese… ,Jelly Arm Chair,£3.29,no old price,Cards,In stock online
Godmersham… ,Gill Hornby,  £8.49,£9.99,Paperback,In stock online
The Temple of… ,Elodie Harper,  £8.49,£16.99,Hardback,In stock online
Giles 2024,Carl Giles,£14.99,no old price,Paperback,In stock online
Moscow X,David McCloskey,  £15.99,£18.99,Hardback,In stock online
The… ,Freida McFadden,£9.99,no old price,Paperback,In stock online
Argylle,Elly Conway,  £15.99,£18.99,Hardback,In stock online
One Life,Barbara Winton,£10.99,no old price,Paperback,In stock online
Shooting Star… ,Art Press,£3.29,no old price,Cards,In stock online
The Raging… ,Ann Cleeves,  £11.00,£22.00,Hardback,In stock online
Diary of a… ,Jeff Kinney,£7.99,no old price,Paperback,In stock online
What it Takes,Sarina Wiegman,£22.00,no old price,Hardback,
The Story of… ,Katy Hessel,£30.00,no old price,Hardback,In stock online
Beach Near… ,Canns Down Press    ,£3.29,no old price,Cards,In stock online
The Ethnic… ,Ilan Pappé,£12.99,no old price,Paperback,In stock online
The History… ,History Hit,  £8.49,£16.99,Hardback,In stock online
Rubik's Cube,John Adams Leisure L,£13.99,no old price,Game,In stock online
Yumi and the… ,Brandon Sanderson,£22.00,no old price,Hardback,In stock online
The Oak Tree,Julia Donaldson,£12.99,no old price,Hardback,In stock online
Branches On… ,Peter Pauper Press,£4.99,no old price,Bookmark,In stock online
Compass and… ,Rachel Greenlaw,£14.99,no old price,Hardback,Pre-order
Tiddler,Julia Donaldson,£7.99,no old price,Paperback,In stock online
Mapominoes… ,WILD CARD GAMES,£9.99,no old price,Game,In stock online
Solitaire,Alice Oseman,£9.99,no old price,Paperback,In stock online
52 Ways to Walk,Annabel Streets,  £9.49,£10.99,Paperback,In stock online
Mistborn,Brandon Sanderson,£10.99,no old price,Paperback,In stock online
The Cuckoo's… ,Robert Galbraith,£10.99,no old price,Paperback,In stock online
Into the Pit… ,Scott Cawthon,£8.99,no old price,Paperback,In stock online
Natural… ,Natural History Museum,£9.99,no old price,Hardback,In stock online
SI SENOR,Roberto Firmino,£22.00,no old price,Hardback,
1989,Val McDermid,£9.99,no old price,Paperback,In stock online
Murder on the… ,Shirley Ballas,  £9.49,£18.99,Hardback,In stock online
The Places In… ,Rory Stewart,£10.99,no old price,Paperback,In stock online
Eve,Cat Bohannon,  £21.99,£25.00,Hardback,In stock online
Harry Potter… ,J. K. Rowling,£8.99,no old price,Paperback,In stock online
The Worst Witch,Jill Murphy,£7.99,no old price,Paperback,In stock online
The Cruel Prince,Holly Black,£30.00,no old price,Hardback,
Love… ,Ali Hazelwood,  £8.49,£9.99,Paperback,In stock online
The Maze… ,James Dashner,£8.99,no old price,Paperback,In stock online
Harry Potter… ,J. K. Rowling,£8.99,no old price,Paperback,In stock online
6 In 1 Multi… ,The Source Whole    ,£9.99,no old price,Other merchandise,In stock online
Metamorphosis,Franz Kafka,£9.99,no old price,Hardback,In stock online
The Jolly… ,Allan Ahlberg,£12.99,no old price,Hardback,In stock online
Official… ,Alison Maloney,£14.99,no old price,Hardback,
This Book… ,Dr Karan Rajan,  £13.99,£18.99,Hardback,In stock online
Nightshade… ,Anthony Horowitz,  £7.49,£14.99,Hardback,In stock online
Four Thousand… ,Oliver Burkeman,£10.99,no old price,Paperback,In stock online
STICKMAN… ,Aurora,£14.99,no old price,Soft toy,In stock online
Disney… ,Walt Disney,£4.99,no old price,Paperback,In stock online
The Love… ,Ali Hazelwood,£9.99,no old price,Paperback,In stock online
A Touch of… ,Scarlett St. Clair,£8.99,no old price,Paperback,
Constellations… ,The Art File,£3.99,no old price,General merchandise,In stock online
Giovanni's Room,James Baldwin,£9.99,no old price,Paperback,In stock online
The Woman… ,Claire Douglas,£9.99,no old price,Paperback,In stock online
Crown of… ,Sarah J. Maas,£9.99,no old price,Paperback,In stock online
Nineteen… ,George Orwell,£16.99,no old price,Hardback,In stock online
Wild Garden… ,Museums And Gallerie,£3.29,no old price,Cards,In stock online
Yoga Poses… ,Gift Republic,£4.99,no old price,General merchandise,In stock online
Waterstones… ,Wine Box Co Ltd,£14.99,no old price,General merchandise,In stock online
Why We Sleep,Matthew Walker,£10.99,no old price,Paperback,In stock online
Jane’s… ,Jane Dunn,  £11.00,£22.00,Hardback,In stock online
Dinosaur… ,James Stewart,  £5.49,£10.99,Hardback,In stock online
Age is… ,Pigment Productions,£2.59,no old price,Cards,In stock online
Absolutely… ,Rose Tremain,  £8.49,£16.99,Hardback,In stock online
Death Note… ,Tsugumi Ohba,£10.99,no old price,Paperback,In stock online
The Sky at… ,Dr Maggie Aderin-Pocock,£16.99,no old price,Paperback,In stock online
The Night… ,Clement C. Moore,£7.99,no old price,Multiple items,In stock online
Kimono… ,Museums And Gallerie,£2.99,no old price,Cards,In stock online
What The Cluck,Pigment Productions,£2.59,no old price,Cards,In stock online
SAS Forged in… ,Damien Lewis,  £18.99,£22.00,Hardback,In stock online
Waterstones… ,Wine Box Co Ltd,£14.99,no old price,General merchandise,In stock online
The Edge,David Baldacci,£22.00,no old price,Hardback,In stock online
The Ordnance… ,Ordnance Survey,£16.99,no old price,Paperback,In stock online
Deadly Game,Michael Caine,  £10.00,£20.00,Hardback,In stock online
The Maidens,Alex Michaelides,  £4.99,£9.99,Paperback,In stock online
The Story… ,Jessica Courtney-Tickle,£16.99,no old price,Hardback,
Wreck This… ,Keri Smith,£10.99,no old price,Paperback,In stock online
Conversations… ,Natasha Lunn,£10.99,no old price,Paperback,In stock online
Bunny vs… ,Jamie Smart,  £7.99,£9.99,Paperback,In stock online
Harry Potter… ,J. K. Rowling,£8.99,no old price,Paperback,In stock online
Say You Swear,Meagan Brandy,£9.99,no old price,Paperback,In stock online
Superworm,Julia Donaldson,£7.99,no old price,Paperback,In stock online
3-D Planets In… ,University Games,£5.99,no old price,Toy,In stock online
The Mystery… ,Nita Prose,£16.99,no old price,Hardback,In stock online
The Song of… ,Madeline Miller,£20.00,no old price,Hardback,In stock online
Books Tote Bag,Cavallini & Company ,£19.99,no old price,General merchandise,In stock online
Assassin’s… ,Robin Hobb,£9.99,no old price,Paperback,In stock online
We'll Always… ,Jenny Han,£8.99,no old price,Paperback,In stock online
The Snow Girl,Sophie Anderson,£12.99,no old price,Hardback,In stock online
Pride and… ,Jane Austen,£5.99,no old price,Paperback,In stock online
Abyss,Max Hastings,  £9.49,£10.99,Paperback,In stock online
A Study in… ,Ava Reid,  £14.99,£16.99,Hardback,In stock online
A Line in the… ,James Barr,£10.99,no old price,Paperback,In stock online
Poo Bingo,Aidan Onn,£18.99,no old price,Game,In stock online
Harry Potter… ,Half Moon Bay            ,£3.99,no old price,General merchandise,In stock online
The Boy At… ,Onjali Q. Raúf,£7.99,no old price,Paperback,In stock online
Greenlights,Matthew McConaughey,  £8.49,£9.99,Paperback,In stock online
One Piece… ,Eiichiro Oda,£13.99,no old price,Paperback,In stock online
The Story of… ,Orlando Figes,  £9.49,£10.99,Paperback,In stock online
I Love Books… ,Wine Box Co Ltd,£4.99,no old price,General merchandise,In stock online
Fortune… ,Gift Republic,£4.99,no old price,General merchandise,In stock online
The Secret of… ,Bee Wilson,  £22.99,£28.00,Hardback,In stock online
Pheasant… ,Pigment Productions,£2.59,no old price,Cards,In stock online
Diary of a… ,Jeff Kinney,£7.99,no old price,Paperback,In stock online
The Narrow… ,Patrick Rothfuss,£18.99,no old price,Hardback,
Legendary,Stephanie Garber,£9.99,no old price,Paperback,In stock online
Yumi and the… ,Brandon Sanderson,£22.00,no old price,Hardback,
Almond… ,Museums And Gallerie,£3.29,no old price,Cards,In stock online
Codenames,Asmodee UK,£19.99,no old price,Game,In stock online
The… ,Gareth Moore,£9.99,no old price,Paperback,In stock online
The Secret,Lee Child,£22.00,no old price,Hardback,
Britain… ,Kaleb Cooper,  £10.00,£20.00,Hardback,In stock online
Bees Gift Bag… ,The Art File,£3.99,no old price,General merchandise,In stock online
All About Love,bell hooks,£10.99,no old price,Paperback,In stock online
The Three… ,Katy Watson,  £7.99,£9.99,Paperback,In stock online
Dune Messiah,Frank Herbert,£22.00,no old price,Hardback,In stock online
"Again, Rachel",Marian Keyes,  £7.99,£9.99,Paperback,In stock online
The Silence of… ,Pat Barker,£9.99,no old price,Paperback,In stock online
The Outsider,Albert Camus,£8.99,no old price,Paperback,In stock online
Doppelganger,Naomi Klein,  £12.50,£25.00,Hardback,In stock online
Red Rising,Pierce Brown,£9.99,no old price,Paperback,In stock online
The Kite Runner,Khaled Hosseini,£9.99,no old price,Paperback,In stock online
Little Women,Louisa May Alcott,£11.99,no old price,Hardback,In stock online
Exclusive… ,Ohh Deer,£16.99,no old price,Notebook / blank book,In stock online
Funnybones,Allan Ahlberg,£7.99,no old price,Paperback,In stock online
A Mind Full of… ,Derek Landy,£16.99,no old price,Hardback,Pre-order
Lean Fall Stand,Jon McGregor,  £4.49,£8.99,Paperback,In stock online
How To Speak… ,Gift Republic,£6.99,no old price,General merchandise,
Harry Potter… ,Carat Shop,£5.99,no old price,Bookmark,In stock online
Nightbane,Alex Aster,£12.99,no old price,Hardback,In stock online
Children of Time,Adrian Tchaikovsky,£10.99,no old price,Paperback,In stock online
Animal Farm,George Orwell,£7.99,no old price,Paperback,In stock online
Adventures of… ,Ben Miller,  £4.99,£9.99,Hardback,In stock online
Psyche and Eros,Luna McNamara,  £8.49,£9.99,Paperback,In stock online
Where the… ,A.B. Poranek,£14.99,no old price,Hardback,
We're Going… ,Martha Mumford,£7.99,no old price,Board book,In stock online
Bubble… ,Keycraft,£4.99,no old price,Toy,In stock online
Quentin Blake… ,Woodmansterne       ,£2.99,no old price,Cards,In stock online
101 Things To… ,Ilka Heinemann,£7.99,no old price,Paperback,In stock online
The Queen of… ,Robert Thorogood,  £12.99,£16.99,Hardback,In stock online
The Secret… ,Paterson Joseph,  £8.49,£9.99,Paperback,In stock online
The Haunting… ,Shirley Jackson,£9.99,no old price,Paperback,In stock online
The Way I Am… ,Amber Smith,  £7.49,£8.99,Paperback,In stock online
Will It Bounce… ,Woodmansterne       ,£2.99,no old price,Cards,In stock online
Getting Away… ,Kathryn Foxfield,  £7.49,£8.99,Paperback,In stock online
Different… ,Michael Ball,  £12.50,£25.00,Hardback,In stock online
Beach &… ,The Art File,£2.99,no old price,Cards,In stock online
Lindor… ,Lindt Ltd           ,  £1.99,£2.99,General merchandise,
Quentin New… ,Woodmansterne       ,£2.59,no old price,Cards,In stock online
Amuseable… ,Jellycat,£14.99,no old price,Soft toy,In stock online
No Such… ,Abacus              ,£2.99,no old price,Cards,In stock online
Dog Painting… ,Art Press,£2.99,no old price,Cards,In stock online
Birds Over… ,The Art File,£2.99,no old price,Cards,In stock online
Scythe,Neal Shusterman,£8.99,no old price,Paperback,In stock online
The Seventh Son,Sebastian Faulks,  £11.00,£22.00,Hardback,In stock online
Birthday Cat… ,Archivist Limited   ,£3.29,no old price,Cards,In stock online
Skandar and… ,A.F. Steadman,  £3.99,£7.99,Paperback,In stock online
Teddy's Mood… ,Legami,£3.99,no old price,General merchandise,In stock online
The Summer I… ,Jenny Han,£8.99,no old price,Paperback,In stock online
Just Kids,Patti Smith,£12.99,no old price,Paperback,In stock online
A Game of… ,George R.R. Martin,£9.99,no old price,Paperback,In stock online
The Boy and… ,Seishu Hase,  £8.49,£9.99,Paperback,In stock online
Sharpe's… ,Bernard Cornwell,  £11.00,£22.00,Hardback,In stock online
Magnif-I… ,IF - THE PUBLISHER,£3.99,no old price,General merchandise,In stock online
Octopus… ,Museums And Gallerie,£2.99,no old price,Cards,In stock online
Empire of the… ,Jay Kristoff,  £8.49,£9.99,Paperback,In stock online
Sunflowers &… ,The Art File,£2.99,no old price,Cards,In stock online
Kill Joy,Holly Jackson,£7.99,no old price,Paperback,In stock online
Suddenly A… ,Lauren Muñoz,  £7.49,£8.99,Paperback,In stock online
The Fury,Alex Michaelides,  £9.49,£18.99,Hardback,Pre-order
Around the… ,Marcus du Sautoy,  £19.00,£22.00,Hardback,In stock online
One Last Stop,Casey McQuiston,£16.99,no old price,Hardback,In stock online
Charlotte's Web,E. B. White,£7.99,no old price,Paperback,In stock online
The… ,D.C.Thomson & Co Ltd,  £2.99,£11.99,Hardback,In stock online
This is Going… ,Adam Kay,£9.99,no old price,Paperback,In stock online
How To Speak… ,Gift Republic,£6.99,no old price,General merchandise,
The Night Circus,Erin Morgenstern,£9.99,no old price,Paperback,In stock online
Bunny vs… ,Jamie Smart,£9.99,no old price,Paperback,In stock online
Hokusai Wave… ,Museums And Gallerie,£4.50,no old price,General merchandise,In stock online
Masters of Death,Olivie Blake,£20.00,no old price,Hardback,In stock online
The Long Game,Elena Armas,  £7.99,£9.99,Paperback,In stock online
The… ,J. R. R. Tolkien,£9.99,no old price,Paperback,In stock online
A Waiter in Paris,Edward Chisholm,£10.99,no old price,Paperback,In stock online
Water,John Boyne,  £6.49,£12.99,Hardback,In stock online
Fearless,Trinny Woodall,  £13.00,£26.00,Hardback,In stock online
Foul Heart… ,Chloe Gong,£18.99,no old price,Hardback,In stock online
The… ,Milan Kundera,£9.99,no old price,Paperback,In stock online
One… ,Katie Fforde,£8.99,no old price,Paperback,In stock online
Spectacular,Stephanie Garber,£16.99,no old price,Hardback,
Water Magic… ,James Galt Ltd      ,£6.99,no old price,General merchandise,In stock online
The World of… ,Nicholas Utechin,£16.99,no old price,Jigsaw,In stock online
Bob Ross: A… ,Bob Ross,  £6.99,£13.99,Calendar,In stock online
Book Lovers,Emily Henry,£8.99,no old price,Paperback,In stock online
The Fury,Alex Michaelides,  £9.49,£18.99,Hardback,
"Hitler, Stalin… ",Daniel Finkelstein,  £20.99,£25.00,Hardback,In stock online
Spirited Away… ,Chronicle Books,£3.99,no old price,Bookmark,In stock online
Small Dino… ,Keycraft,£4.99,no old price,Toy,In stock online
Meet Me in… ,Sophie Gravia,£8.99,no old price,Paperback,In stock online
Be Happy… ,Gift Republic,£4.99,no old price,General merchandise,In stock online
On Palestine,Noam Chomsky,£8.99,no old price,Paperback,In stock online
Young Mungo,Douglas Stuart,  £8.49,£9.99,Paperback,In stock online
The Complete… ,DK,£16.99,no old price,Paperback,In stock online
Wool,Hugh Howey,  £8.49,£9.99,Paperback,In stock online
The Marriage… ,Maggie O'Farrell,£9.99,no old price,Paperback,
Room on the… ,Julia Donaldson,£7.99,no old price,Paperback,In stock online
My Discovery… ,Thames And Kosmos,£18.99,no old price,Other merchandise,In stock online
The Earth… ,Peter Frankopan,£30.00,no old price,Hardback,In stock online
Tarot Cloth Bag,Cavallini & Company ,£19.99,no old price,General merchandise,In stock online
Bees Gift Bag… ,The Art File,£4.50,no old price,General merchandise,In stock online
Bluey:… ,Bluey,£6.99,no old price,Paperback,In stock online
Lord of the Flies,William Golding,£9.99,no old price,Paperback,In stock online
Masters of Death,Olivie Blake,£20.00,no old price,Hardback,
Classic… ,Rainbow Designs,£11.99,no old price,Soft toy,In stock online
Hap-Pea… ,Louise Mulgrew Ltd  ,£3.29,no old price,Cards,In stock online
The Cocktail… ,Pyramid,£10.00,no old price,Paperback,In stock online
The Gruffalo's… ,Julia Donaldson,£7.99,no old price,Paperback,In stock online
To Paradise,Hanya Yanagihara,  £8.99,£10.99,Paperback,In stock online
The Christmas… ,Janice Hallett,£12.99,no old price,Hardback,
Dog Man:A… ,Dav Pilkey,£9.99,no old price,Paperback,In stock online
Beautiful… ,Sally Rooney,£9.99,no old price,Paperback,In stock online
It's Not… ,Jenny Han,£8.99,no old price,Paperback,In stock online
Step-by-step… ,Fiona Watt,  £6.99,£7.99,Paperback,In stock online
City of Last… ,Adrian Tchaikovsky,  £8.49,£9.99,Paperback,In stock online
Technofeudalism,Yanis Varoufakis,  £18.99,£22.00,Hardback,In stock online
Wolf Hall,Hilary Mantel,£9.99,no old price,Paperback,In stock online
Happy… ,The Art File,£2.99,no old price,Cards,In stock online
Everyday… ,Brigit Esselmont,£9.99,no old price,Multiple items,In stock online
"Girl, Goddess… ",Bea Fitzgerald,£14.99,no old price,Hardback,In stock online
Robodog,David Walliams,  £7.49,£14.99,Hardback,In stock online
Monkey Drum,House of Marbles,£6.99,no old price,Toy,In stock online
The Great… ,Mr. F. Scott Fitzgerald,£7.99,no old price,Paperback,In stock online
Bear And… ,The Art File,£2.99,no old price,Cards,In stock online
The Tucci Table,Stanley Tucci,  £13.00,£26.00,Hardback,In stock online
LEGO® Star… ,LEGO®,£9.99,no old price,Hardback,Click & Collect only
Dork Diaries,Rachel Renee Russell,£7.99,no old price,Paperback,In stock online
Being an Ally,Shakirah Bourne,£1.00,no old price,Paperback,Click & Collect only
The Long… ,Celia Fremlin,£9.99,no old price,Paperback,In stock online
Really Tiny… ,IF - THE PUBLISHER,£6.99,no old price,General merchandise,In stock online
Reckless,Elsie Silver,£9.99,no old price,Paperback,In stock online
A Touch of… ,Scarlett St. Clair,£8.99,no old price,Paperback,In stock online
Dog Man 9:… ,Dav Pilkey,£9.99,no old price,Paperback,In stock online
Divine Might,Natalie Haynes,£20.00,no old price,Hardback,
Not the End of… ,Hannah Ritchie,  £18.99,£22.00,Hardback,In stock online
The Last Resort,Heidi Perks,£8.99,no old price,Paperback,In stock online
The Shadow… ,John Gwynne,£9.99,no old price,Paperback,In stock online
Good Material,Dolly Alderton,£18.99,no old price,Hardback,In stock online
Beaded… ,Peter Pauper Press,£3.99,no old price,Bookmark,In stock online
Monkey Puzzle,Julia Donaldson,£7.99,no old price,Paperback,In stock online
A Stroke of… ,Terry Pratchett,£20.00,no old price,Hardback,
Peekaboo Santa,Camilla Reid,£7.99,no old price,Board book,In stock online
Sticker Dolly… ,Fiona Watt,£7.99,no old price,Paperback,In stock online
Puked In The… ,Woodmansterne       ,£2.99,no old price,Cards,In stock online
Gone Girl,Gillian Flynn,£9.99,no old price,Paperback,In stock online
The Remains… ,Kazuo Ishiguro,£9.99,no old price,Paperback,In stock online
Nineteen Steps,Millie Bobby Brown,£16.99,no old price,Hardback,In stock online
The… ,Hisashi Kashiwai,£14.99,no old price,Hardback,In stock online
With You… ,Rob Burrow,£10.00,no old price,Hardback,
The Theory of… ,Dan Schreiber,  £8.49,£9.99,Paperback,In stock online
Saving 6,Chloe Walsh,£9.99,no old price,Paperback,In stock online
Heartburn,Nora Ephron,£9.99,no old price,Paperback,In stock online
Loki: A Bad… ,Louie Stowell,  £6.49,£7.99,Paperback,In stock online
Good Pop… ,Jarvis Cocker,£12.99,no old price,Paperback,In stock online
Catchphrase… ,Ginger Fox,£12.00,no old price,Game,In stock online
The Lie Maker,Linwood Barclay,  £8.49,£9.99,Paperback,In stock online
Endgame,Omid Scobie,  £11.00,£22.00,Hardback,In stock online
Nasturtiums… ,Art Press,£2.99,no old price,Cards,In stock online
Fern Card,Archivist Limited   ,£2.59,no old price,Cards,In stock online
How Does… ,Mac Barnett,£12.99,no old price,Hardback,In stock online
Large Fantasy… ,Keycraft,£6.99,no old price,Game,In stock online
Sword Catcher,Cassandra Clare,£22.00,no old price,Hardback,
Looshkin: The… ,Jamie Smart,£9.99,no old price,Paperback,In stock online
Dinosaur… ,Natural History Museum,£8.99,no old price,Toy,In stock online
Dog Man 4:… ,Dav Pilkey,£9.99,no old price,Paperback,In stock online
Astrology Cards,Gift Republic,£4.99,no old price,General merchandise,In stock online
Heartless,Elsie Silver,£9.99,no old price,Paperback,In stock online
Shoot For The… ,Peter Pauper Press,£4.99,no old price,Bookmark,In stock online
Sunflower,Museums And Gallerie,£2.99,no old price,Cards,In stock online
The Mind… ,Coiled Spring,£9.99,no old price,Game,In stock online
The Ugly Five,Julia Donaldson,£7.99,no old price,Paperback,In stock online
Ninth House,Leigh Bardugo,£9.99,no old price,Paperback,In stock online
Happy… ,Poet & Painter,£3.29,no old price,Cards,In stock online
Zog and the… ,Julia Donaldson,£7.99,no old price,Paperback,In stock online
Conversations… ,Sally Rooney,£9.99,no old price,Paperback,In stock online
Elmer,David McKee,£6.99,no old price,Board book,In stock online
Fool Me Once,Harlan Coben,£8.99,no old price,Paperback,In stock online
Wild Hope,Donna Ashworth,£12.99,no old price,Hardback,
Reminders of… ,Colleen Hoover,£8.99,no old price,Paperback,In stock online
The Final… ,Jennifer Lynn Barnes,£8.99,no old price,Paperback,In stock online
Rabbit and… ,Julian Gough,£6.99,no old price,Paperback,In stock online
Greenwich… ,Art Press,£3.29,no old price,Cards,In stock online
Ariadne,Jennifer Saint,£9.99,no old price,Paperback,In stock online
Make Your… ,Fizz Creations Ltd,£6.99,no old price,Kit,In stock online
Gold,Raven Kennedy,  £16.99,£20.00,Hardback,In stock online
Hokusai 3M… ,Museums And Galleries,£4.99,no old price,General merchandise,In stock online
Ian Fleming,Nicholas Shakespeare,  £24.99,£30.00,Hardback,In stock online
Where's Wally?,Martin Handford,  £6.49,£7.99,Paperback,In stock online
One Of Us Is… ,Karen M. McManus,£8.99,no old price,Paperback,In stock online
Other Minds,Peter Godfrey-Smith,£9.99,no old price,Paperback,In stock online
Dog Man 5:… ,Dav Pilkey,£9.99,no old price,Paperback,In stock online
And Finally,Henry Marsh,  £9.49,£10.99,Paperback,In stock online
Ned Was… ,The Art File,£2.59,no old price,Cards,In stock online
The Ballad of… ,Stephanie Garber,£18.99,no old price,Hardback,
Clean & Green,Nancy Birtwhistle,£10.99,no old price,Paperback,In stock online
Real Tigers,Mick Herron,£9.99,no old price,Paperback,In stock online
Terrible Maps,Michael Howe,£14.99,no old price,Hardback,In stock online
Bic Pens… ,Perkins Group Ltd,£2.99,no old price,General merchandise,In stock online
Heart of the… ,Sue Lynn Tan,  £8.49,£9.99,Paperback,In stock online
Takeaway,Angela Hui,£9.99,no old price,Paperback,In stock online
The Mother,T.M. Logan,£8.99,no old price,Paperback,In stock online
Megamonster,David Walliams,  £6.49,£7.99,Paperback,In stock online
Butterfly Kite,House of Marbles,£5.99,no old price,Toy,In stock online
Water Magic… ,James Galt Ltd      ,£6.99,no old price,General merchandise,In stock online
Man's Search… ,Viktor E Frankl,£10.99,no old price,Paperback,In stock online
Questions for… ,Alex Gray,£8.99,no old price,Paperback,In stock online
Grand Central… ,Gibson Hanson Graphics,£2.99,no old price,Cards,In stock online
My Account,Coleen Rooney,  £11.00,£22.00,Hardback,In stock online
Twilight,Stephenie Meyer,£9.99,no old price,Paperback,In stock online
Glutton,Ed Gamble,  £10.00,£20.00,Hardback,In stock online
Slimming Eats… ,Siobhan Wightman,  £14.99,£20.00,Hardback,In stock online
The Travelling… ,Hiro Arikawa,£9.99,no old price,Paperback,In stock online
How Not to Age,Michael Greger,  £18.99,£22.00,Hardback,In stock online
The Pairing,Casey McQuiston,£18.99,no old price,Hardback,Pre-order
Finding Hildasay,Christian Lewis,  £9.49,£10.99,Paperback,In stock online
Milk and Honey,Rupi Kaur,£9.99,no old price,Paperback,In stock online
The Girl of… ,Kiran Millwood Hargrave,£7.99,no old price,Paperback,In stock online
Lindor Milk… ,Lindt Ltd           ,£2.99,no old price,General merchandise,
Funny Story,Emily Henry,£18.99,no old price,Hardback,Pre-order
The Storyteller,Dave Grohl,£10.99,no old price,Paperback,In stock online
A Spy Alone,Charles Beaumont,£9.99,no old price,Paperback,In stock online
House of… ,Sarah J. Maas,£22.00,no old price,Hardback,
The Rest is… ,Goalhanger Podcasts,£18.99,no old price,Hardback,
North Woods,Daniel Mason,£16.99,no old price,Hardback,In stock online
It's OK To Be… ,Bernie Sanders,  £9.49,£10.99,Paperback,In stock online
The Littlest… ,Lu Fraser,  £6.49,£7.99,Paperback,In stock online
The Sunlit Man,Brandon Sanderson,£22.00,no old price,Hardback,Pre-order
Oi Frog!,Kes Gray,£6.99,no old price,Paperback,In stock online
